assay,antigen,type,group1,group2,n1,n2,p (Mann-Whitney U-test),p.adjusted (BH),p.adjusted(BH),log10 MFI difference
IgG1,B.1.351.RBD,Titer,M,NInf,16,10,3.77E-07,1.92E-05,***,0.80244516
IgG1,B.1.617.2.RBD,Titer,M,NInf,16,10,3.77E-07,1.92E-05,***,0.712537535
IgG1,B.617.1.RBD,Titer,M,NInf,16,10,3.77E-07,1.92E-05,***,0.724911665
IgG3,B.1.617.2.RBD,Titer,M,NInf,16,10,3.77E-07,1.92E-05,***,0.708398101
IgG3,B.617.1.RBD,Titer,M,NInf,16,10,3.77E-07,1.92E-05,***,0.703347974
FcR2B,B.1.1.7.S,FcR,P,NInf,15,10,6.12E-07,1.92E-05,***,1.044309633
FcR3A,B.1.1.7.S,FcR,P,NInf,15,10,6.12E-07,1.92E-05,***,0.524340146
FcR3A,B.1.351.RBD,FcR,P,NInf,15,10,6.12E-07,1.92E-05,***,1.245817627
IgG1,B.1.351.RBD,Titer,P,NInf,15,10,6.12E-07,1.92E-05,***,0.507467973
IgG1,B.617.1.RBD,Titer,P,NInf,15,10,6.12E-07,1.92E-05,***,0.432364312
IgG1,P1.RBD,Titer,P,NInf,15,10,6.12E-07,1.92E-05,***,0.09876628
IgG3,B.1.351.RBD,Titer,P,NInf,15,10,6.12E-07,1.92E-05,***,0.501919113
IgG3,P1.RBD,Titer,P,NInf,15,10,6.12E-07,1.92E-05,***,0.113523044
FcR2A,WT.S1,FcR,M,NInf,16,10,7.53E-07,1.92E-05,***,1.573607779
FcR3A,WT.S1,FcR,M,NInf,16,10,7.53E-07,1.92E-05,***,1.507476987
IgG3,B.1.351.RBD,Titer,M,NInf,16,10,7.53E-07,1.92E-05,***,0.774566606
FcR2A,B.1.1.7.S,FcR,P,NInf,15,10,1.22E-06,2.05E-05,***,0.504872268
FcR2A,WT.S1,FcR,P,NInf,15,10,1.22E-06,2.05E-05,***,1.444335963
FcR2B,WT.S1,FcR,P,NInf,15,10,1.22E-06,2.05E-05,***,1.731929097
FcR3A,WT.S1,FcR,P,NInf,15,10,1.22E-06,2.05E-05,***,1.411888048
IgG1,B.1.1.7.S,Titer,P,NInf,15,10,1.22E-06,2.05E-05,***,0.711505299
IgG1,B.1.617.2.RBD,Titer,P,NInf,15,10,1.22E-06,2.05E-05,***,0.382635859
IgG1,WT.S1,Titer,P,NInf,15,10,1.22E-06,2.05E-05,***,0.946138253
IgG3,B.617.1.RBD,Titer,P,NInf,15,10,1.22E-06,2.05E-05,***,0.487655994
FcR2A,B.1.1.7.S,FcR,M,NInf,16,10,1.51E-06,2.05E-05,***,0.564526739
FcR2A,B.1.351.RBD,FcR,M,NInf,16,10,1.51E-06,2.05E-05,***,1.483115016
FcR3A,B.1.351.RBD,FcR,M,NInf,16,10,1.51E-06,2.05E-05,***,1.508975128
IgG1,B.1.1.7.S,Titer,M,NInf,16,10,1.51E-06,2.05E-05,***,0.969903943
IgG1,B.1.351.S,Titer,M,NInf,16,10,1.51E-06,2.05E-05,***,0.871115695
IgG1,WT.S1,Titer,M,NInf,16,10,1.51E-06,2.05E-05,***,1.240158209
FcR2A,B.1.351.RBD,FcR,P,NInf,15,10,2.45E-06,2.69E-05,***,1.276600038
FcR2A,B.1.351.S,FcR,P,NInf,15,10,2.45E-06,2.69E-05,***,0.19605351
FcR3A,B.617.1.RBD,FcR,P,NInf,15,10,2.45E-06,2.69E-05,***,1.189603732
FcR3B,WT.S1,FcR,P,NInf,15,10,2.45E-06,2.69E-05,***,1.702799961
IgG3,B.1.617.2.RBD,Titer,P,NInf,15,10,2.45E-06,2.69E-05,***,0.380476827
FcR2B,WT.S1,FcR,M,NInf,16,10,2.64E-06,2.69E-05,***,1.92145892
FcR3A,B.1.1.7.S,FcR,M,NInf,16,10,2.64E-06,2.69E-05,***,0.616241489
FcR3A,B.617.1.RBD,FcR,M,NInf,16,10,2.64E-06,2.69E-05,***,1.445137331
FcR3B,WT.S1,FcR,M,NInf,16,10,2.64E-06,2.69E-05,***,1.891680535
IgG3,WT.S1,Titer,M,NInf,16,10,2.64E-06,2.69E-05,***,1.191206348
FcR2A,WT.S2,FcR,P,NInf,15,10,4.28E-06,3.55E-05,***,-1.832128088
FcR2B,WT.S2,FcR,P,NInf,15,10,4.28E-06,3.55E-05,***,-1.889566397
FcR3A,WT.RBD,FcR,P,NInf,15,10,4.28E-06,3.55E-05,***,0.907949852
FcR3A,WT.S2,FcR,P,NInf,15,10,4.28E-06,3.55E-05,***,-1.740153413
FcR3B,B.1.1.7.S,FcR,P,NInf,15,10,4.28E-06,3.55E-05,***,0.941572689
FcR3B,WT.S2,FcR,P,NInf,15,10,4.28E-06,3.55E-05,***,-1.861998622
IgG1,B.1.351.S,Titer,P,NInf,15,10,4.28E-06,3.55E-05,***,0.609447201
IgG1,P1.S,Titer,P,NInf,15,10,4.28E-06,3.55E-05,***,0.596050853
FcR2A,WT.RBD,FcR,M,NInf,16,10,4.52E-06,3.55E-05,***,1.028614161
FcR2B,B.1.1.7.S,FcR,M,NInf,16,10,4.52E-06,3.55E-05,***,1.154611041
FcR3A,B.1.617.2.RBD,FcR,M,NInf,16,10,4.52E-06,3.55E-05,***,1.239811085
FcR3A,WT.RBD,FcR,M,NInf,16,10,4.52E-06,3.55E-05,***,1.037888487
FcR2A,B.1.1.7.RBD,FcR,M,NInf,16,10,7.15E-06,4.54E-05,***,1.443017482
FcR2A,B.1.617.2.RBD,FcR,M,NInf,16,10,7.15E-06,4.54E-05,***,1.304659817
FcR2A,B.617.1.RBD,FcR,M,NInf,16,10,7.15E-06,4.54E-05,***,1.457854828
FcR2B,WT.RBD,FcR,M,NInf,16,10,7.15E-06,4.54E-05,***,1.473963665
FcR3A,B.1.1.7.RBD,FcR,M,NInf,16,10,7.15E-06,4.54E-05,***,1.367032092
FcR3B,B.1.1.7.S,FcR,M,NInf,16,10,7.15E-06,4.54E-05,***,1.055051697
FcR3B,WT.RBD,FcR,M,NInf,16,10,7.15E-06,4.54E-05,***,1.321809764
IgG1,B.617.2.S,Titer,M,NInf,16,10,7.15E-06,4.54E-05,***,0.745155445
IgG1,P1.S,Titer,M,NInf,16,10,7.15E-06,4.54E-05,***,0.827735338
IgG1,WT.S,Titer,M,NInf,16,10,7.15E-06,4.54E-05,***,0.879471346
IgG3,B.1.351.S,Titer,M,NInf,16,10,7.15E-06,4.54E-05,***,0.773001218
FcR2A,WT.RBD,FcR,P,NInf,15,10,7.34E-06,4.54E-05,***,0.947341526
IgG3,B.1.351.S,Titer,P,NInf,15,10,7.34E-06,4.54E-05,***,0.537702098
IgG3,WT.S1,Titer,P,NInf,15,10,7.34E-06,4.54E-05,***,0.873307926
FcR2B,B.1.1.7.RBD,FcR,M,NInf,16,10,1.13E-05,6.57E-05,***,1.336658717
IgG1,P1.RBD,Titer,M,NInf,16,10,1.13E-05,6.57E-05,***,0.23142704
FcR2A,B.617.1.RBD,FcR,P,NInf,15,10,1.16E-05,6.57E-05,***,1.108116798
FcR2B,WT.RBD,FcR,P,NInf,15,10,1.16E-05,6.57E-05,***,1.311179828
FcR3B,WT.RBD,FcR,P,NInf,15,10,1.16E-05,6.57E-05,***,1.184757799
IgM,WT.S2,Titer,P,NInf,15,10,1.16E-05,6.57E-05,***,-0.53036859
IgG1,B.1.1.7.RBD,Titer,M,NInf,16,10,1.69E-05,9.19E-05,***,0.924238045
IgG1,WT.RBD,Titer,M,NInf,16,10,1.69E-05,9.19E-05,***,1.191678383
IgG3,B.1.1.7.S,Titer,M,NInf,16,10,1.69E-05,9.19E-05,***,0.827623806
FcR2B,B.1.351.RBD,FcR,P,NInf,15,10,1.84E-05,9.38E-05,***,0.657829908
FcR3A,B.1.1.7.RBD,FcR,P,NInf,15,10,1.84E-05,9.38E-05,***,1.159028071
FcR3A,B.1.617.2.RBD,FcR,P,NInf,15,10,1.84E-05,9.38E-05,***,0.828726512
IgA,WT.S2,Titer,P,NInf,15,10,1.84E-05,9.38E-05,***,-0.474966597
IgG1,WT.S,Titer,P,NInf,15,10,1.84E-05,9.38E-05,***,0.593301375
FcR2B,B.1.351.S,FcR,M,NInf,16,10,2.52E-05,0.000123875,***,0.675772834
IgG3,B.617.2.S,Titer,M,NInf,16,10,2.52E-05,0.000123875,***,0.651028603
IgG3,WT.S,Titer,M,NInf,16,10,2.52E-05,0.000123875,***,0.759049464
FcR2A,P1.S,FcR,P,NInf,15,10,2.75E-05,0.000128966,***,0.304592866
FcR2B,B.1.1.7.RBD,FcR,P,NInf,15,10,2.75E-05,0.000128966,***,0.971641068
FcR2B,B.1.351.S,FcR,P,NInf,15,10,2.75E-05,0.000128966,***,0.566772257
FcR3B,B.1.351.S,FcR,P,NInf,15,10,2.75E-05,0.000128966,***,0.503260069
FcR3B,B.617.2.S,FcR,M,NInf,16,10,3.65E-05,0.000167326,***,0.515896651
IgM,WT.S2,Titer,M,NInf,16,10,3.65E-05,0.000167326,***,-0.571599287
FcR2A,B.1.1.7.RBD,FcR,P,NInf,15,10,4.10E-05,0.000181826,***,1.223601423
FcR2A,B.1.617.2.RBD,FcR,P,NInf,15,10,4.10E-05,0.000181826,***,0.820477975
FcR3B,B.1.351.RBD,FcR,P,NInf,15,10,4.10E-05,0.000181826,***,0.667007493
FcR2B,B.617.2.S,FcR,M,NInf,16,10,5.23E-05,0.000217739,***,0.586194911
FcR2B,WT.S,FcR,M,NInf,16,10,5.23E-05,0.000217739,***,0.911306316
IgA,WT.S2,Titer,M,NInf,16,10,5.23E-05,0.000217739,***,-0.54574085
IgG3,B.1.1.7.RBD,Titer,M,NInf,16,10,5.23E-05,0.000217739,***,0.887585239
IgG3,P1.S,Titer,M,NInf,16,10,5.23E-05,0.000217739,***,0.710230776
IgG3,WT.RBD,Titer,M,NInf,16,10,5.23E-05,0.000217739,***,1.060479439
IgG1,B.617.2.S,Titer,P,NInf,15,10,5.93E-05,0.000241944,***,0.486608435
IgG3,B.1.1.7.S,Titer,P,NInf,15,10,5.93E-05,0.000241944,***,0.605125408
FcR3B,B.1.351.S,FcR,M,NInf,16,10,7.30E-05,0.000289165,***,0.590853252
FcR3B,WT.S,FcR,M,NInf,16,10,7.30E-05,0.000289165,***,0.804783503
IgG3,P1.RBD,Titer,M,NInf,16,10,7.30E-05,0.000289165,***,0.231136315
FcR3B,WT.NTD,FcR,P,NInf,15,10,8.50E-05,0.000333462,***,-0.103191344
FcR3A,B.617.2.S,FcR,M,NInf,16,10,0.000101,0.000392457,***,0.369423877
FcR2A,B.617.2.S,FcR,P,NInf,15,10,0.000119,0.000445431,***,0.290411917
FcR2B,B.617.2.S,FcR,P,NInf,15,10,0.000119,0.000445431,***,0.451557726
IgG1,B.1.1.7.RBD,Titer,P,NInf,15,10,0.000119,0.000445431,***,0.621391493
IgG1,WT.RBD,Titer,P,NInf,15,10,0.000119,0.000445431,***,0.907678522
FcR2A,B.617.2.S,FcR,M,NInf,16,10,0.000138,0.000507243,***,0.392043301
FcR3A,WT.S,FcR,M,NInf,16,10,0.000138,0.000507243,***,0.544015972
FcR3A,B.1.351.S,FcR,P,NInf,15,10,0.000165,0.000595752,***,0.190718161
IgG3,P1.S,Titer,P,NInf,15,10,0.000165,0.000595752,***,0.467911758
FcR2B,B.1.351.RBD,FcR,M,NInf,16,10,0.000186,0.000665684,***,1.063764688
FcR2B,WT.S,FcR,P,NInf,15,10,0.000224,0.000794713,***,0.712028219
FcR2A,B.1.351.S,FcR,M,NInf,16,10,0.000248,0.000850286,***,0.249158116
FcR2B,P1.S,FcR,M,NInf,16,10,0.000248,0.000850286,***,0.815434578
FcR3B,B.1.351.RBD,FcR,M,NInf,16,10,0.000248,0.000850286,***,1.160874738
FcR3B,P1.S,FcR,M,NInf,16,10,0.000248,0.000850286,***,0.713657288
FcR2B,P1.S,FcR,P,NInf,15,10,0.000302,0.000993677,***,0.709637801
FcR3A,P1.S,FcR,P,NInf,15,10,0.000302,0.000993677,***,0.293199468
FcR3B,B.617.2.S,FcR,P,NInf,15,10,0.000302,0.000993677,***,0.391285959
IgG3,WT.RBD,Titer,P,NInf,15,10,0.000302,0.000993677,***,0.800283236
IgG3,WT.S,Titer,P,NInf,15,10,0.000302,0.000993677,***,0.446245534
FcR3B,B.1.1.7.RBD,FcR,M,NInf,16,10,0.000305,0.00099552,***,1.40333705
FcR2A,WT.S,FcR,M,NInf,16,10,0.000328,0.001037395,**,0.564708095
FcR2A,WT.S2,FcR,M,NInf,16,10,0.000328,0.001037395,**,-1.260821558
FcR3A,B.1.351.S,FcR,M,NInf,16,10,0.000328,0.001037395,**,0.253632444
FcR3B,WT.S2,FcR,M,NInf,16,10,0.000328,0.001037395,**,-1.712769358
FcR3B,B.1.1.7.RBD,FcR,P,NInf,15,10,0.000346,0.001085908,**,1.016583817
FcR3A,B.617.2.S,FcR,P,NInf,15,10,0.000403,0.001245636,**,0.267121343
FcR3B,WT.S,FcR,P,NInf,15,10,0.000403,0.001245636,**,0.637020684
FcR3A,WT.S2,FcR,M,NInf,16,10,0.000428,0.001312962,**,-1.209797147
FcR3A,WT.S,FcR,P,NInf,15,10,0.000532,0.001596,**,0.379888415
FcR3B,P1.S,FcR,P,NInf,15,10,0.000532,0.001596,**,0.509704077
IgG3,B.1.1.7.RBD,Titer,P,NInf,15,10,0.000532,0.001596,**,0.570215811
FcR2B,B.617.1.RBD,FcR,M,NInf,16,10,0.000555,0.001605957,**,0.925684546
FcR2B,WT.S2,FcR,M,NInf,16,10,0.000555,0.001605957,**,-1.725012455
FcR3A,P1.S,FcR,M,NInf,16,10,0.000555,0.001605957,**,0.41549912
FcR3B,B.617.1.RBD,FcR,M,NInf,16,10,0.000555,0.001605957,**,0.981910929
FcR3B,WT.NTD,FcR,M,NInf,16,10,0.000555,0.001605957,**,-0.079688664
FcR2A,WT.S,FcR,P,NInf,15,10,0.000694,0.001966333,**,0.425634435
FcR2B,B.617.1.RBD,FcR,P,NInf,15,10,0.000694,0.001966333,**,0.401596442
IgG3,B.617.2.S,Titer,P,NInf,15,10,0.000694,0.001966333,**,0.377780177
FcR2A,P1.S,FcR,M,NInf,16,10,0.000713,0.002006234,**,0.396828574
FcR2A,P1.RBD,FcR,M,NInf,16,10,0.001,0.002738255,**,0.327038106
FcR2A,WT.NTD,FcR,P,NInf,15,10,0.001,0.002738255,**,-0.120145937
FcR3B,B.617.1.RBD,FcR,P,NInf,15,10,0.001,0.002738255,**,0.419735122
IgG1,WT.S2,Titer,P,NInf,15,10,0.001,0.002738255,**,-0.97643552
FcR2B,B.1.617.2.RBD,FcR,M,NInf,16,10,0.002,0.005298701,**,0.508593199
FcR3A,P1.RBD,FcR,M,NInf,16,10,0.002,0.005298701,**,0.296497345
FcR3A,P1.RBD,FcR,P,NInf,15,10,0.002,0.005298701,**,0.107759479
FcR3B,B.1.617.2.RBD,FcR,M,NInf,16,10,0.002,0.005298701,**,0.634929447
IgG3,WT.S2,Titer,P,NInf,15,10,0.002,0.005298701,**,-1.037753165
IgA,B.1.351.S,Titer,P,NInf,15,10,0.004,0.010529032,*,0.514506941
FcR2B,B.1.617.2.RBD,FcR,P,NInf,15,10,0.007,0.018191083,*,0.085019142
FcR2B,WT.NTD,FcR,M,NInf,16,10,0.007,0.018191083,*,-0.103230098
FcR3A,WT.NTD,FcR,P,NInf,15,10,0.008,0.0204,*,-0.107226962
FcR3B,B.1.617.2.RBD,FcR,P,NInf,15,10,0.008,0.0204,*,0.122900639
IgM,B.1.351.S,Titer,P,NInf,15,10,0.008,0.0204,*,0.46439699
IgA,B.1.351.S,Titer,M,NInf,16,10,0.009,0.022666667,*,0.490659466
IgM,B.1.351.S,Titer,M,NInf,16,10,0.009,0.022666667,*,0.48081261
IgG1,WT.S2,Titer,P,M,15,16,0.011,0.027533742,*,-0.55291794
FcR2A,P1.RBD,FcR,P,NInf,15,10,0.012,0.029672727,*,0.107094274
IgG3,WT.S2,Titer,P,M,15,16,0.012,0.029672727,*,-0.52742633
IgG3,HKU1.Spike,Titer,P,NInf,15,10,0.016,0.039325301,*,-0.308620073
FcR2A,WT.S2,FcR,P,M,15,16,0.017,0.041532934,*,-0.57130653
FcR2A,WT.NTD,FcR,M,NInf,16,10,0.02,0.048571429,*,-0.103206686
FcR3A,WT.NTD,FcR,M,NInf,16,10,0.023,0.0552,,-0.114971895
IgM,WT.RBD,Titer,P,NInf,15,10,0.023,0.0552,,-0.344984156
FcR2B,WT.NTD,FcR,P,NInf,15,10,0.026,0.061674419,,-0.101688789
IgM,B.1.1.7.RBD,Titer,P,NInf,15,10,0.026,0.061674419,,-0.192284174
FcR3A,WT.S2,FcR,P,M,15,16,0.027,0.063676301,,-0.530356266
FcR3B,HKU1.Spike,FcR,M,NInf,16,10,0.031,0.07105618,,-0.444214059
IgA,WT.RBD,Titer,P,NInf,15,10,0.031,0.07105618,,-0.363612127
IgG1,OC43.Spike,Titer,P,NInf,15,10,0.031,0.07105618,,-0.409581326
IgG1,WT.NTD,Titer,M,NInf,16,10,0.031,0.07105618,,-0.053905929
IgG3,WT.NTD,Titer,P,NInf,15,10,0.031,0.07105618,,-0.047455882
IgA,B.617.1.S,Titer,M,NInf,16,10,0.036,0.081149171,,-0.260130531
IgG3,OC43.Spike,Titer,P,NInf,15,10,0.036,0.081149171,,-0.4821885
IgM,B.617.1.S,Titer,M,NInf,16,10,0.036,0.081149171,,-0.233115484
IgG1,WT.NTD,Titer,P,NInf,15,10,0.041,0.091409836,,-0.046207443
IgG3,HKU1.Spike,Titer,M,NInf,16,10,0.041,0.091409836,,-0.27933503
IgG1,B.617.1.S,Titer,M,NInf,16,10,0.047,0.103654054,,0.213096532
IgG3,WT.S2,Titer,M,NInf,16,10,0.047,0.103654054,,-0.510326834
IgG1,WT.S2,Titer,M,NInf,16,10,0.053,0.115350785,,-0.42351758
IgM,P1.RBD,Titer,M,NInf,16,10,0.053,0.115350785,,-0.237957919
FcR3B,HKU1.Spike,FcR,P,NInf,15,10,0.054,0.115350785,,-0.467314292
IgA,B.1.1.7.RBD,Titer,P,NInf,15,10,0.054,0.115350785,,-0.278209265
IgG1,HKU1.Spike,Titer,P,NInf,15,10,0.054,0.115350785,,-0.201701736
IgG1,P1.RBD,Titer,P,M,15,16,0.054,0.115350785,,-0.13266076
FcR2A,HKU1.Spike,FcR,M,NInf,16,10,0.06,0.125538462,,-0.443552281
FcR2B,B.1.617.2.RBD,FcR,P,M,15,16,0.06,0.125538462,,-0.423574056
FcR2B,WT.S2,FcR,P,M,15,16,0.06,0.125538462,,-0.164553942
IgG3,P1.RBD,Titer,P,M,15,16,0.06,0.125538462,,-0.117613271
FcR2A,B.1.617.2.RBD,FcR,P,M,15,16,0.066,0.136690355,,-0.484181841
IgG3,B.1.351.RBD,Titer,P,M,15,16,0.066,0.136690355,,-0.272647493
IgG3,WT.NTD,Titer,M,NInf,16,10,0.068,0.140121212,,-0.041284092
FcR2A,HKU1.Spike,FcR,P,NInf,15,10,0.071,0.143405941,,-0.571788878
FcR2B,P1.RBD,FcR,P,NInf,15,10,0.071,0.143405941,,-0.019076334
FcR3A,HKU1.Spike,FcR,P,NInf,15,10,0.071,0.143405941,,-0.481440511
IgM,B.617.1.S,Titer,P,NInf,15,10,0.071,0.143405941,,-0.174378199
FcR3B,WT.S2,FcR,P,M,15,16,0.072,0.14470936,,-0.149229263
FcR3A,HKU1.Spike,FcR,M,NInf,16,10,0.077,0.150113208,,-0.402990853
IgA,P1.RBD,Titer,M,NInf,16,10,0.077,0.150113208,,-0.206118749
IgM,WT.NTD,Titer,M,NInf,16,10,0.077,0.150113208,,-0.121468938
IgM,WT.RBD,Titer,M,NInf,16,10,0.077,0.150113208,,-0.14680939
FcR2A,B.617.1.RBD,FcR,P,M,15,16,0.078,0.150113208,,-0.34973803
FcR2A,P1.RBD,FcR,P,M,15,16,0.078,0.150113208,,-0.219943832
FcR2B,B.617.1.RBD,FcR,P,M,15,16,0.078,0.150113208,,-0.524088104
IgG1,B.617.1.S,Titer,P,M,15,16,0.078,0.150113208,,-0.23717684
IgG3,B.1.617.2.RBD,Titer,P,M,15,16,0.078,0.150113208,,-0.327921274
FcR2B,HKU1.Spike,FcR,P,NInf,15,10,0.08,0.153239437,,-0.355648341
FcR3A,B.1.617.2.RBD,FcR,P,M,15,16,0.086,0.1632,,-0.411084573
IgG3,B.617.1.RBD,Titer,P,M,15,16,0.086,0.1632,,-0.215691981
FcR2B,HKU1.Spike,FcR,M,NInf,16,10,0.087,0.164333333,,-0.314501305
FcR3A,B.617.1.RBD,FcR,P,M,15,16,0.093,0.174055046,,-0.2555336
FcR3B,B.617.1.RBD,FcR,P,M,15,16,0.093,0.174055046,,-0.562175807
FcR3A,P1.RBD,FcR,P,M,15,16,0.101,0.186461538,,-0.188737866
FcR3B,B.1.617.2.RBD,FcR,P,M,15,16,0.101,0.186461538,,-0.512028808
IgG1,B.617.1.RBD,Titer,P,M,15,16,0.101,0.186461538,,-0.292547353
IgM,P1.RBD,Titer,P,NInf,15,10,0.103,0.189297297,,-0.17783685
FcR3A,OC43.Spike,FcR,M,NInf,16,10,0.109,0.193448276,,-0.259622732
IgA,P1.S,Titer,M,NInf,16,10,0.109,0.193448276,,0.207266705
IgG1,HKU1.Spike,Titer,M,NInf,16,10,0.109,0.193448276,,-0.17058489
IgG1,OC43.Spike,Titer,M,NInf,16,10,0.109,0.193448276,,-0.294408651
IgG3,B.617.1.S,Titer,M,NInf,16,10,0.109,0.193448276,,0.262229957
IgM,P1.S,Titer,M,NInf,16,10,0.109,0.193448276,,0.223654006
FcR2B,B.1.351.RBD,FcR,P,M,15,16,0.11,0.193448276,,-0.40593478
IgG1,B.1.351.RBD,Titer,P,M,15,16,0.11,0.193448276,,-0.294977187
IgG1,B.1.617.2.RBD,Titer,P,M,15,16,0.11,0.193448276,,-0.329901676
IgG3,B.617.2.S,Titer,P,M,15,16,0.11,0.193448276,,-0.273248426
IgA,P1.RBD,Titer,P,NInf,15,10,0.115,0.201373391,,-0.204086723
FcR3B,WT.RBD,FcR,P,M,15,16,0.119,0.204860759,,-0.137051965
IgG1,B.617.2.S,Titer,P,M,15,16,0.119,0.204860759,,-0.258547009
IgG3,B.1.1.7.RBD,Titer,P,M,15,16,0.119,0.204860759,,-0.317369427
IgG3,B.617.1.S,Titer,P,M,15,16,0.119,0.204860759,,-0.26809121
IgA,WT.RBD,Titer,M,NInf,16,10,0.121,0.206560669,,-0.142225666
IgG3,OC43.Spike,Titer,M,NInf,16,10,0.121,0.206560669,,-0.405659149
FcR2A,B.1.1.7.RBD,FcR,P,M,15,16,0.129,0.21395122,,-0.219416059
IgA,B.617.1.S,Titer,P,NInf,15,10,0.129,0.21395122,,-0.14979894
IgG3,B.1.1.7.S,Titer,P,M,15,16,0.129,0.21395122,,-0.222498397
IgG3,P1.S,Titer,P,M,15,16,0.129,0.21395122,,-0.242319018
IgG3,WT.RBD,Titer,P,M,15,16,0.129,0.21395122,,-0.260196203
IgG3,WT.S1,Titer,P,M,15,16,0.129,0.21395122,,-0.317898422
IgM,WT.NTD,Titer,P,NInf,15,10,0.129,0.21395122,,-0.04826226
FcR2B,B.1.1.7.RBD,FcR,P,M,15,16,0.14,0.230322581,,-0.365017649
FcR3B,B.1.1.7.RBD,FcR,P,M,15,16,0.14,0.230322581,,-0.386753234
FcR2A,OC43.Spike,FcR,P,NInf,15,10,0.144,0.235951807,,-0.240519543
FcR2A,OC43.Spike,FcR,M,NInf,16,10,0.15,0.2416,,-0.190007526
FcR2B,B.617.1.S,FcR,P,M,15,16,0.151,0.2416,,-0.139807959
FcR2B,WT.RBD,FcR,P,M,15,16,0.151,0.2416,,-0.162783836
FcR3B,B.1.351.RBD,FcR,P,M,15,16,0.151,0.2416,,-0.493867246
IgG1,B.1.1.7.S,Titer,P,M,15,16,0.151,0.2416,,-0.258398645
IgG1,WT.S,Titer,P,M,15,16,0.151,0.2416,,-0.286169972
IgA,WT.S1,Titer,P,NInf,15,10,0.16,0.254804598,,-0.198901361
FcR2B,WT.S1,FcR,P,M,15,16,0.163,0.254804598,,-0.189529822
FcR3A,B.1.1.7.RBD,FcR,P,M,15,16,0.163,0.254804598,,-0.208004021
FcR3A,B.1.351.RBD,FcR,P,M,15,16,0.163,0.254804598,,-0.263157502
IgG1,B.1.351.S,Titer,P,M,15,16,0.163,0.254804598,,-0.261668494
IgG3,WT.S,Titer,P,M,15,16,0.163,0.254804598,,-0.312803931
IgM,B.1.1.7.RBD,Titer,M,NInf,16,10,0.165,0.256946565,,-0.075044016
FcR3B,B.1.1.7.S,FcR,P,M,15,16,0.175,0.268421053,,-0.113479007
IgA,WT.S2,Titer,P,M,15,16,0.175,0.268421053,,0.070774253
IgG1,B.1.1.7.RBD,Titer,P,M,15,16,0.175,0.268421053,,-0.302846552
IgM,WT.S1,Titer,P,M,15,16,0.175,0.268421053,,-0.208845639
FcR3A,OC43.Spike,FcR,P,NInf,15,10,0.177,0.27047191,,-0.260645898
FcR2B,B.617.1.S,FcR,M,NInf,16,10,0.182,0.277074627,,0.185709593
FcR2B,WT.S,FcR,P,M,15,16,0.188,0.280967033,,-0.199278097
IgG1,P1.S,Titer,P,M,15,16,0.188,0.280967033,,-0.231684485
IgG1,WT.S1,Titer,P,M,15,16,0.188,0.280967033,,-0.294019955
IgG3,B.1.351.S,Titer,P,M,15,16,0.188,0.280967033,,-0.23529912
IgM,B.1.617.2.RBD,Titer,P,M,15,16,0.188,0.280967033,,-0.238476223
FcR3B,OC43.Spike,FcR,P,NInf,15,10,0.196,0.290792727,,-0.881644347
IgA,P1.S,Titer,P,NInf,15,10,0.196,0.290792727,,0.204356313
FcR2B,OC43.Spike,FcR,M,NInf,16,10,0.201,0.294342857,,-0.549910298
FcR3B,OC43.Spike,FcR,M,NInf,16,10,0.201,0.294342857,,-0.530607516
FcR2A,B.1.351.RBD,FcR,P,M,15,16,0.202,0.294342857,,-0.206514978
FcR3A,WT.RBD,FcR,P,M,15,16,0.202,0.294342857,,-0.129938635
FcR3B,WT.S1,FcR,P,M,15,16,0.202,0.294342857,,-0.188880573
FcR2B,B.1.1.7.S,FcR,P,M,15,16,0.216,0.306,,-0.110301408
FcR2B,P1.S,FcR,P,M,15,16,0.216,0.306,,-0.105796777
FcR3A,WT.S1,FcR,P,M,15,16,0.216,0.306,,-0.095588939
FcR3B,P1.RBD,FcR,P,M,15,16,0.216,0.306,,-0.017858186
FcR3B,P1.RBD,FcR,P,NInf,15,10,0.216,0.306,,-0.022656065
IgG1,WT.RBD,Titer,P,M,15,16,0.216,0.306,,-0.283999861
IgM,P1.S,Titer,P,NInf,15,10,0.216,0.306,,0.212168438
IgM,WT.S1,Titer,P,NInf,15,10,0.216,0.306,,-0.182098743
IgA,B.1.1.7.RBD,Titer,M,NInf,16,10,0.22,0.309517241,,-0.106485514
IgA,WT.NTD,Titer,M,NInf,16,10,0.22,0.309517241,,-0.064198031
FcR2A,WT.RBD,FcR,P,M,15,16,0.232,0.320867797,,-0.081272635
FcR3A,WT.S,FcR,P,M,15,16,0.232,0.320867797,,-0.164127557
FcR3B,P1.S,FcR,P,M,15,16,0.232,0.320867797,,-0.203953211
FcR3B,WT.S,FcR,P,M,15,16,0.232,0.320867797,,-0.167762819
IgA,WT.S1,Titer,P,M,15,16,0.232,0.320867797,,-0.206015976
FcR2B,OC43.Spike,FcR,P,NInf,15,10,0.238,0.326949495,,-0.720998857
IgM,B.1.617.2.RBD,Titer,P,NInf,15,10,0.238,0.326949495,,-0.076747212
FcR3B,B.617.1.S,FcR,M,NInf,16,10,0.241,0.328856187,,0.289193995
IgM,B.617.1.RBD,Titer,M,NInf,16,10,0.241,0.328856187,,0.147962213
FcR3A,B.617.1.S,FcR,P,M,15,16,0.247,0.332594059,,-0.102480183
FcR3B,B.617.1.S,FcR,P,M,15,16,0.247,0.332594059,,-0.180085793
FcR3B,B.617.2.S,FcR,P,M,15,16,0.247,0.332594059,,-0.124610693
IgM,B.617.1.RBD,Titer,P,M,15,16,0.247,0.332594059,,-0.117619017
IgM,HKU1.Spike,Titer,P,NInf,15,10,0.261,0.350289474,,-0.362807321
FcR2A,WT.S,FcR,P,M,15,16,0.264,0.352,,-0.13907366
FcR2B,B.617.2.S,FcR,P,M,15,16,0.264,0.352,,-0.134637185
FcR2A,B.617.1.S,FcR,P,M,15,16,0.281,0.369832258,,-0.063901529
FcR2A,WT.S1,FcR,P,M,15,16,0.281,0.369832258,,-0.129271816
FcR2B,B.1.351.S,FcR,P,M,15,16,0.281,0.369832258,,-0.109000576
IgM,WT.RBD,Titer,P,M,15,16,0.281,0.369832258,,-0.198174766
IgA,HKU1.Spike,Titer,P,NInf,15,10,0.285,0.373890675,,-0.359052966
FcR3A,B.617.1.S,FcR,M,NInf,16,10,0.31,0.405384615,,0.190432884
IgA,B.1.617.2.RBD,Titer,P,NInf,15,10,0.311,0.405392971,,-0.009372482
FcR2A,B.1.1.7.S,FcR,P,M,15,16,0.318,0.409287066,,-0.059654472
FcR3A,P1.S,FcR,P,M,15,16,0.318,0.409287066,,-0.122299653
IgA,B.1.617.2.RBD,Titer,P,M,15,16,0.318,0.409287066,,-0.199804498
IgM,B.617.1.S,Titer,P,M,15,16,0.318,0.409287066,,0.058737285
FcR2A,B.617.2.S,FcR,P,M,15,16,0.338,0.428273292,,-0.101631384
FcR2B,P1.RBD,FcR,P,M,15,16,0.338,0.428273292,,-0.038570717
FcR3A,B.1.1.7.S,FcR,P,M,15,16,0.338,0.428273292,,-0.091901343
IgA,B.617.1.S,Titer,P,M,15,16,0.338,0.428273292,,0.110331591
IgA,WT.NTD,Titer,P,NInf,15,10,0.338,0.428273292,,-0.059419981
FcR3B,B.1.351.S,FcR,P,M,15,16,0.358,0.449427692,,-0.087593183
IgA,WT.RBD,Titer,P,M,15,16,0.358,0.449427692,,-0.221386461
IgM,HKU1.Spike,Titer,P,M,15,16,0.358,0.449427692,,-0.138402761
FcR2A,B.617.1.S,FcR,M,NInf,16,10,0.363,0.454306748,,0.15735544
FcR2A,WT.NTD,FcR,P,M,15,16,0.423,0.526170732,,-0.016939251
IgM,WT.S2,Titer,P,M,15,16,0.423,0.526170732,,0.041230698
FcR2A,P1.S,FcR,P,M,15,16,0.446,0.551418182,,-0.092235709
FcR3A,B.617.2.S,FcR,P,M,15,16,0.446,0.551418182,,-0.102302534
IgA,B.617.1.RBD,Titer,M,NInf,16,10,0.452,0.557148036,,0.096872958
IgA,WT.NTD,Titer,P,M,15,16,0.47,0.575855856,,0.00477805
IgM,B.1.1.7.RBD,Titer,P,M,15,16,0.47,0.575855856,,-0.117240158
IgA,B.617.2.S,Titer,P,M,15,16,0.495,0.604670659,,0.064828886
IgA,B.1.1.7.RBD,Titer,P,M,15,16,0.52,0.633313433,,-0.171723751
FcR3A,B.1.351.S,FcR,P,M,15,16,0.545,0.657869822,,-0.062914283
IgA,B.617.1.RBD,Titer,P,M,15,16,0.545,0.657869822,,-0.057681734
IgA,HKU1.Spike,Titer,P,M,15,16,0.545,0.657869822,,-0.17637829
IgM,B.1.1.7.S,Titer,P,M,15,16,0.572,0.688424779,,-0.064193578
FcR2A,B.1.351.S,FcR,P,M,15,16,0.599,0.714596491,,-0.053104606
FcR3B,WT.NTD,FcR,P,M,15,16,0.599,0.714596491,,-0.02350268
IgM,WT.NTD,Titer,P,M,15,16,0.599,0.714596491,,0.073206678
IgA,B.617.1.RBD,Titer,P,NInf,15,10,0.605,0.719650146,,0.039191224
IgM,P1.RBD,Titer,P,M,15,16,0.626,0.742465116,,0.060121069
IgM,B.617.1.RBD,Titer,P,NInf,15,10,0.643,0.760417391,,0.030343195
IgG1,OC43.Spike,Titer,P,M,15,16,0.654,0.771190751,,-0.115172675
FcR3B,HKU1.Spike,FcR,P,M,15,16,0.664,0.780726225,,-0.023100233
IgM,B.617.2.S,Titer,P,M,15,16,0.682,0.799586207,,0.075318663
IgA,B.1.617.2.RBD,Titer,M,NInf,16,10,0.698,0.816,,0.190432016
FcR2B,WT.NTD,FcR,P,M,15,16,0.711,0.824113636,,0.001541309
IgG3,WT.NTD,Titer,P,M,15,16,0.711,0.824113636,,-0.00617179
IgM,B.1.351.RBD,Titer,P,M,15,16,0.711,0.824113636,,-0.036866209
FcR3B,B.617.1.S,FcR,P,NInf,15,10,0.723,0.829450549,,0.109108202
IgG1,B.617.1.S,Titer,P,NInf,15,10,0.723,0.829450549,,-0.024080307
FcR3B,P1.RBD,FcR,M,NInf,16,10,0.737,0.829450549,,-0.004797879
IgA,B.1.351.RBD,Titer,M,NInf,16,10,0.737,0.829450549,,0.05955013
IgA,B.617.2.S,Titer,M,NInf,16,10,0.737,0.829450549,,0.025242826
IgA,HKU1.Spike,Titer,M,NInf,16,10,0.737,0.829450549,,-0.182674676
IgA,OC43.Spike,Titer,M,NInf,16,10,0.737,0.829450549,,-0.026257487
IgM,B.1.1.7.S,Titer,M,NInf,16,10,0.737,0.829450549,,0.067290423
IgM,B.1.617.2.RBD,Titer,M,NInf,16,10,0.737,0.829450549,,0.161729011
IgA,B.1.1.7.S,Titer,P,M,15,16,0.74,0.829450549,,-0.087673196
IgA,WT.S,Titer,P,M,15,16,0.74,0.829450549,,0.004100874
IgG3,OC43.Spike,Titer,P,M,15,16,0.74,0.829450549,,-0.076529351
FcR2A,B.617.1.S,FcR,P,NInf,15,10,0.765,0.844516129,,0.093453911
FcR2B,B.617.1.S,FcR,P,NInf,15,10,0.765,0.844516129,,0.045901634
FcR3A,B.617.1.S,FcR,P,NInf,15,10,0.765,0.844516129,,0.087952701
IgM,B.1.1.7.S,Titer,P,NInf,15,10,0.765,0.844516129,,0.003096845
IgM,OC43.Spike,Titer,P,NInf,15,10,0.765,0.844516129,,0.017633225
FcR2A,HKU1.Spike,FcR,P,M,15,16,0.77,0.844516129,,-0.128236597
FcR2A,OC43.Spike,FcR,P,M,15,16,0.77,0.844516129,,-0.050512017
FcR3B,OC43.Spike,FcR,P,M,15,16,0.77,0.844516129,,-0.351036831
IgA,WT.S,Titer,P,NInf,15,10,0.807,0.882723861,,0.028376949
FcR2B,P1.RBD,FcR,M,NInf,16,10,0.816,0.885446809,,0.019494383
IgA,B.1.1.7.S,Titer,M,NInf,16,10,0.816,0.885446809,,0.069175093
IgM,OC43.Spike,Titer,M,NInf,16,10,0.816,0.885446809,,-0.032928371
IgA,P1.RBD,Titer,P,M,15,16,0.83,0.895873016,,0.002032026
IgG3,HKU1.Spike,Titer,P,M,15,16,0.83,0.895873016,,-0.029285043
IgA,B.1.1.7.S,Titer,P,NInf,15,10,0.849,0.909165354,,-0.018498103
IgA,B.617.2.S,Titer,P,NInf,15,10,0.849,0.909165354,,0.090071712
IgG3,B.617.1.S,Titer,P,NInf,15,10,0.849,0.909165354,,-0.005861253
FcR3A,HKU1.Spike,FcR,P,M,15,16,0.861,0.917201044,,-0.078449658
IgG1,HKU1.Spike,Titer,P,M,15,16,0.861,0.917201044,,-0.031116846
FcR3A,WT.NTD,FcR,P,M,15,16,0.892,0.933169231,,0.007744932
IgA,B.1.351.RBD,Titer,P,M,15,16,0.892,0.933169231,,-0.061660748
IgA,B.1.351.S,Titer,P,M,15,16,0.892,0.933169231,,0.023847475
IgA,P1.S,Titer,P,M,15,16,0.892,0.933169231,,-0.002910392
IgG1,WT.NTD,Titer,P,M,15,16,0.892,0.933169231,,0.007698485
IgM,OC43.Spike,Titer,P,M,15,16,0.892,0.933169231,,0.050561596
IgM,WT.S,Titer,P,NInf,15,10,0.892,0.933169231,,0.02929899
IgA,WT.S,Titer,M,NInf,16,10,0.897,0.933612245,,0.024276075
IgA,WT.S1,Titer,M,NInf,16,10,0.897,0.933612245,,0.007114615
FcR2B,OC43.Spike,FcR,P,M,15,16,0.922,0.95719084,,-0.171088559
IgM,B.1.351.RBD,Titer,M,NInf,16,10,0.938,0.968870886,,0.020494371
IgM,WT.S1,Titer,M,NInf,16,10,0.938,0.968870886,,0.026746896
FcR3A,OC43.Spike,FcR,P,M,15,16,0.953,0.981878788,,-0.001023165
IgA,B.1.351.RBD,Titer,P,NInf,15,10,0.978,0.993742574,,-0.002110617
IgA,OC43.Spike,Titer,P,NInf,15,10,0.978,0.993742574,,0.046520837
IgM,B.617.2.S,Titer,P,NInf,15,10,0.978,0.993742574,,0.104784839
IgM,B.617.2.S,Titer,M,NInf,16,10,0.979,0.993742574,,0.029466176
IgM,WT.S,Titer,M,NInf,16,10,0.979,0.993742574,,0.025708304
IgM,B.1.351.S,Titer,P,M,15,16,0.984,0.993742574,,-0.01641562
IgM,P1.S,Titer,P,M,15,16,0.984,0.993742574,,-0.011485568
IgM,WT.S,Titer,P,M,15,16,0.984,0.993742574,,0.003590686
FcR2B,HKU1.Spike,FcR,P,M,15,16,1,1,,-0.041147035
IgA,OC43.Spike,Titer,P,M,15,16,1,1,,0.072778325
IgM,B.1.351.RBD,Titer,P,NInf,15,10,1,1,,-0.016371838
IgM,HKU1.Spike,Titer,M,NInf,16,10,1,1,,-0.224404559