Sex.at.birth,Age.at.Presentation,vaccine,ADCD_S,ADCP_D614G.S,ADCP_B.1.1.7,ADCP_D614G.E484K,ADCP_D614G.K417N,ADNP_D614G.S,ADNP_B.1.1.7,ADNP_D614G.E484K,ADNP_D614G.K417N,ADNKA.CD107a_S,ADNKA.IFNg_S,ADNKA.MIP1b_S,IgG1_S,IgG1_RBD,IgG1_NTD,IgG1_S1,IgG1_S2,IgG1_Alpha,IgG1_Beta,IgG1_Gamma,IgG2_S,IgG2_RBD,IgG2_NTD,IgG2_S1,IgG2_S2,IgG2_Alpha,IgG2_Beta,IgG2_Gamma,IgG3_S,IgG3_RBD,IgG3_NTD,IgG3_S1,IgG3_S2,IgG3_Alpha,IgG3_Beta,IgG3_Gamma,IgA1_S,IgA1_RBD,IgA1_NTD,IgA1_S1,IgA1_S2,IgA1_Alpha,IgA1_Beta,IgA1_Gamma,IgM_S,IgM_RBD,IgM_NTD,IgM_S1,IgM_S2,IgM_Alpha,IgM_Beta,IgM_Gamma,FCGR2A_S,FCGR2A_RBD,FCGR2A_NTD,FCGR2A_S1,FCGR2A_S2,FCGR2A_Alpha,FCGR2A_Beta,FCGR2A_Gamma,FCGR2B_S,FCGR2B_RBD,FCGR2B_NTD,FCGR2B_S1,FCGR2B_S2,FCGR2B_Alpha,FCGR2B_Beta,FCGR2B_Gamma,FCGR3A_S,FCGR3A_RBD,FCGR3A_NTD,FCGR3A_S1,FCGR3A_S2,FCGR3A_Alpha,FCGR3A_Beta,FCGR3A_Gamma,FCGR3B_S,FCGR3B_RBD,FCGR3B_NTD,FCGR3B_S1,FCGR3B_S2,FCGR3B_Alpha,FCGR3B_Beta,FCGR3B_Gamma
Female,48.24454529,BNT162b2,550,64.46829,140.2806,111.97838,89.62031,1.51932,0.61366,1.4172,0.91679,45.25,10.96,58.9,86.45,25.4,25.4,86.45,233,98.7,294,233,49.8,25.4,25.4,49.8,49.8,49.8,49.8,49.8,318,49.8,74.2,245,1222,147,196,123,3895,2320,123,2491.5,1783.5,5494,3150.5,3578,NA,NA,NA,NA,NA,NA,NA,NA,21619,12659.5,2393.5,17969.5,24744.5,18323.5,21045.5,19544,13050.5,6007,123,11829.5,18348,11634,21033.5,22718,20435,12818,3614,17310,22559,17725,21558,17555,17677,10304,611,14137,19410,15113,15748,17262
Female,38.5744859,BNT162b2,251.5,108.35,124.539745,106.85,104.03,1.3528,0.563456,1.13261,0.986888,23.7,5.015,46.15,49.8,25.4,25.4,62,62,49.8,318.5,123,98.7,25.4,25.4,49.8,330.5,49.8,1221.5,147.35,NA,NA,NA,NA,NA,NA,NA,NA,819,98.7,49.8,147,2357,257.5,1942,550,770,587,172,855.5,1026,526,867.5,697,17640,9937.5,416,14539,15345,10694.5,21461,11768.5,16248.5,4383.5,74.2,12025,13929,5408.5,20521,8314,15418.5,10645,379.5,13294,13904.5,10352.5,16761,10084,14478.5,7154.5,74.2,12208,13538.5,7044,14087.5,5946
Female,48.59248764,BNT162b2,544,101.19,138.83041,120.1,101.1,2.262025,1.05364,2.4814525,1.91882,20.05,4.485,48.4,2503.5,782.5,98.7,1539,2125,1075,1380.5,855.5,306,98.7,37.6,257.5,147,110.85,1026.5,281.5,550.5,172,74.2,343,1283,282,514,233,172,74.2,49.8,98.7,404,159.5,1221.5,306,294,98.7,49.8,172,416,294,648,330.5,16944.5,8545.5,477,12269,15272,11512,19800.5,12745,13135.5,3394.5,62,6873.5,13038,5298.5,15833.5,9119.5,15675,10084,392,11573,13551,10767,16016,11207,16163,7154,123,11622,12965,9840,14600,7057
Female,34.36632283,BNT162b2,298.5,109.75,140.12004,110.31,94.1,0.90368,0.442728,1.02857,0.886979,18.23,4.435,46.6,1221.5,306,62,880,1307.5,513.5,953,611,49.8,25.4,25.4,49.8,147,49.8,599,110.6,489,147,74.2,343,855,221,440,172,110.85,49.8,25.4,74.2,245,74.2,1466,233,758,672.5,74.2,904.5,916.5,489.5,1026.5,965.5,10694,2259,306,7081,10596.5,4554,17408,8484.5,5726,147,74.2,1954,7337.5,440.5,19202.5,5640.5,12013,3834,98.7,8692,11353,6275,16334,7789,8814,514,74.2,5006,9278,1393,10011,3224
Female,32.54287676,BNT162b2,459,110.17,130.913135,113.57,93.03,3.497715,0.377118,2.1908575,0.686499,24.3,4.745,46.45,1234,257.5,74.2,892.5,1197.5,428.5,696.5,452.5,147,25.4,49.8,49.8,123,49.8,477,514,2430,489.5,135,1332,5115.5,831,965,611.5,1380.5,184,62,294,3052.5,550.5,2064,770,330.5,245,123,318,196,392,770,526,16285,7593.5,855.5,11988,16248.5,9168.5,17847.5,11585.5,16150.5,3492,86.45,11353.5,17762,5933.5,19630,12623,15076.5,9156.5,1038.5,12391,15674.5,10206,16859,10975,16444,5994.5,208.5,11622,15894,8204,14442,9522.5
Female,27.72142253,mRNA-1273,238,96.38,112.77776,104.49,77.22,1.631185,1.038,1.4201425,1.2236,51,12.65,62.75,10511,3480,489.5,7276.5,18799.5,5067,6068,6580.5,25.4,25.4,25.4,49.8,49.8,49.8,122.85,49.8,343,49.8,62,86.45,1161,196.5,318.5,172,452.5,270,49.8,294,233,929,196.5,196,306,135,49.8,196,416,355,270,306,31848.5,19459,6348.5,25660,37500.5,24976.5,28016,27820.5,25257,12696.5,538,19813,28431,18750.5,24561.5,24610,27112.5,16444,6067.5,21033.5,33045,20313.5,23768,22608,27527.5,16016.5,2723,21790.5,32044,21387.5,23560.5,23682.5
Female,62.91984093,mRNA-1273,509,86.5,121.0113,103.14,90.27,1.275485,0.5543,1.2227125,0.73987,26.5,6.125,48.85,49.8,25.4,25.4,49.8,49.8,49.8,270,135,709,98.7,49.8,330.5,1380,220.5,904.5,367,880,318,98.7,550.5,2760,440,514,282,697,257.5,74.2,355,1136.5,648,1819.5,843.5,672.5,123,74.2,404,843.5,233,501.5,294,16797.5,8790,501.5,13428.5,12586,10255,19690.5,11817.5,15333,3187,74.2,10621,9998.5,5213.5,20472,9131.5,16029,10108.5,440.5,13258,13086.5,10902,17835.5,10364.5,15601.5,6202.5,110.85,12440,12122.5,8387,13660.5,6336.5
Female,30.09507382,BNT162b2,413.5,101.51,145.79392,128.73,100.26,1.00914,0.350396,0.850995,0.639298,30.4,7.145,47.55,1356,587,74.2,1136.5,1051,770,1002,1002,49.8,25.4,25.4,49.8,172,49.8,587,74.2,1575.5,489,123,1063,2308,697,843,514,770,147,49.8,208.5,2234.5,379.5,1466,550.5,294,221,98.7,233,1148.5,294,733.5,575,15406,8606.5,440.5,12305.5,12793.5,10889.5,20618.5,14490.5,14148.5,2845.5,74.2,9144,10682,6031.5,20533,13196.5,13636,8436,282,11060.5,11768.5,9803,16383,11671,14905.5,6092.5,98.7,11072.5,12269,9132,14063.5,10254.5
Female,41.44107454,mRNA-1273,426,141.04,151.82992,132.32,135.26,1.10079,0.93259,1.25977,1.41926,31,7.235,55.05,257,171.5,37.6,343,110.85,269.5,416,355,123,49.8,37.6,74.2,501.5,221,270,221,2662.5,1136,416,1795.5,6190,1856.5,1685.5,1478,880,465,196,563,904.5,1295,1551,1746.5,123,98.7,74.2,110.85,147,233,123,196,24769,19337,4151.5,23792.5,15687,19898,21717.5,18006.5,29724.5,19117,623.5,25806.5,16553.5,23597,25611,24549,21704.5,16541.5,4712.5,19483.5,13367.5,15418,18592.5,17249,21912.5,16334,1368.5,19129.5,14307.5,18323.5,17579,16578
Female,29.04645544,mRNA-1273,412,127.01,148.12279,128.39,113.67,1.580145,0.56224,1.3747525,1.390305,32.55,7.575,51.9,3858,1819.5,269.5,3162.5,2247,2247,1868.5,1673.5,196,49.8,25.4,123,501.5,135,330.5,98.7,1930,965.5,159.5,1502.5,2051.5,1551,1124,770,855,257.5,62,343,2125,758,1173,648,575,343,123,392,2638,831,513.5,501.5,19556.5,13380,2284,16175,14600.5,15760,21046,16480.5,18348,8204.5,159.5,15259.5,12171.5,13404,19239,15564.5,16871,13307,2662,14747,12940,14088,18433,14210,19202.5,12317.5,550.5,16114.5,15137.5,15967.5,16834,14173
Male,25.29289901,mRNA-1273,262.5,123.77,156.2519,134.58,114.47,1.515665,0.72782,1.4147125,1.99411,29.95,6.55,51.45,62,25.4,25.4,49.8,74.25,49.8,294,147.5,208.5,25.4,25.4,49.8,1978.5,98.7,733.5,147.5,660,147,49.8,416,867.5,318,782,318,733,196,135,379.5,1246.5,367,2052,892,270,172,123,221,550.5,306,806.5,623.5,16944,4688.5,1942,12513,13746,6287.5,21216.5,13477.5,15870,575,123,8875.5,12916,1124,20423.5,9864.5,14991,5653,2625.5,11756.5,11927,6409.5,17054,10560,16443.5,2064,379.5,10938.5,12476.5,2894,13892.5,7838
Male,25.42705645,mRNA-1273,373.5,147.54393,150.68635,130.13166,132.4368,1.09905,0.44408,1.12323,1.024315,23.9,4.99,47.6,2772,892,135,2003,3431.5,1112,1551,1087,892,196,49.8,563,867.5,648,1331.5,916.5,855,318,147,685,855,440,514,367,1100,391.5,74.2,538,1173,990,2527.5,1697.5,306,233,123,245,367,257.5,514,318.5,19080.5,9290.5,806.5,14869,19422,12635,22840,15736,10657.5,1697.5,74.2,7459.5,14112,3614.5,15284,9205,NA,NA,NA,NA,NA,NA,NA,NA,17859.5,5799,147,12720.5,18396.5,9436.5,16236,10194
Female,23.01758421,mRNA-1273,413,107.43,138.171855,100.73,65.25,1.56273,0.587496,1.469415,1.074663,25.5,5.67,49.65,37.6,25.4,25.4,49.8,62,49.8,281.5,147.5,464.5,86.45,49.8,257.5,1014,269.5,721,281.5,1649,477,172,1026.5,3236,782.5,965,562.5,672.5,257.5,49.8,392,1136,867.5,1991,1038.5,282,184,98.7,233,343,587,428.5,257.5,12501,5970.5,416,9937.5,13660.5,8973,18836.5,12977,9632.5,953.5,74.2,4542,11207,3309,18348,8790,11365.5,6336.5,233,8472.5,11512,7886.5,15137.5,11085,9913,2222.5,74.2,6495,10389,5213.5,9974,6080
Male,26.12784657,BNT162b2,271,106.19,143.84086,121.89,103.83,1.47328,0.54249,1.27894,0.70878,30.6,6.42,51.5,3004,880,98.7,2076,3797.5,1185,1356,1307,37.6,25.4,25.4,49.8,49.8,49.8,514,49.8,1515,563,245,1417,1979,733,660,514,648,208.5,98.7,355,880,635.5,1881,1136,NA,NA,NA,NA,NA,NA,NA,NA,19434.5,9840,978,14649.5,22327.5,11817,19642,14869,17847.5,4285.5,86.45,11561,21521.5,8619.5,19581,14429.5,19410,11646,1930,15406,21388,13380,19630,13575,NA,NA,NA,NA,NA,NA,NA,NA
Male,32.57573165,BNT162b2,320.5,123.1,150.94899,114.95,109.08,1.100135,0.58529,1.0493275,2.40877,25.5,5.16,49.2,6031.5,1758.5,184,4346.5,5030.5,2491,2857.5,1942,184,49.8,25.4,98.7,1124,135,452.5,135,4822.5,1941.5,367.5,3224,6409.5,2845.5,2357,2271.5,489,196,62,245,904,623.5,941,513.5,NA,NA,NA,NA,NA,NA,NA,NA,23731,12134.5,1575.5,17738,20667.5,15430.5,20679.5,15711,19617.5,7691,98.6,14942.5,18287,11658.5,18836.5,14930,21644,13465,2198,17335,18885,15113.5,19971.5,14661.5,21155.5,11256,367,16456,18201.5,14027,18433.5,14515
Female,27.86641752,mRNA-1273,421,119.98,143.23972,132.18,117.34,1.1048565,0.334698,0.78424825,0.495159,32.15,6.875,48.35,2650,782,184,1600,2479,1319.5,1575.5,1392.5,49.8,25.4,25.4,49.8,98.7,49.8,233,25.4,2186,550.5,172,1429,4347,818.5,1050.5,745.5,1075.5,404,86.45,562.5,1929.5,1038.5,1051,892,416,282,184,465,709,465,440,428,18982.5,9644.5,2015.5,14722.5,17566.5,13672.5,21949,16651,19776,4236.5,135,12403.5,18384.5,10267,21167.5,15967.5,17701,10120.5,2503.5,13306.5,16309.5,12671.5,18555.5,14905.5,18604.5,8009,379.5,12855,16712.5,11866,16676,13453
Female,23.22851713,mRNA-1273,285.5,100.98,131.792055,124.69,97.1,1.180055,0.52304,1.0294475,0.98763,33.75,8.455,56.4,4212.5,2137,221,3492,1978.5,2625,2149.5,2454.5,49.8,25.4,25.4,49.8,98.7,49.8,74.2,49.8,1612,514,270,1002,6349,929,1173,1026,416,122.85,62,171.5,2125,379,477.5,379,147,74.2,49.8,98.7,685,221,196,245,24414.5,16737,4005,20472,18323.5,19556.5,22144.5,20447.5,23035,13233,257.5,19434.5,14905.5,17750,22254.5,20277,17164,11598,3126,13429,12599,12159,15626,13575,22022,13160,1039,17152,15747.5,16724.5,16956.5,18299
Male,22.52487503,mRNA-1273,351.5,86.72,112.829345,100.92,87.68,0.89062,0.51952,0.95062,1.16694,19.91,4.69,43.2,37.6,25.4,25.4,49.8,74.25,74.2,233,110.85,575,172,49.8,526,245,306,989.5,452.5,2247,623.5,245,1514.5,2894,904.5,989.5,648,1271,440,98.7,758,1197,1026,2076,1466,74.2,74.2,172,233,196,147,587,306,14063,5274.5,342.5,10083.5,13148,9022,17823.5,10340.5,12122.5,1026.5,62,5872.5,12867,3748.5,17798.5,7313,13184.5,6275.5,233,9998.5,12439.5,9180.5,15674.5,9339,13526,2564.5,86.45,8094.5,12635,6263,12757,5970
Male,34.56619004,mRNA-1273,433.5,95.26,138.91746,114.25,87.7,1.91844,0.9065,1.663825,1.38003,39.75,8.625,55.35,4798.5,1661,245.5,3309,4395.5,2027.5,2247,1722,49.8,25.4,25.4,49.8,49.8,74.2,135,49.8,2748,1234,342.5,1954.5,3675.5,2564.5,2845,2418,330.5,184,98.7,221,416,489,941,819,294,245,98.7,270,306,379.5,465,416,30323,18494.5,6349,23878,27882,22120,25525.5,22510.5,26526.5,15027.5,501.5,22144.5,24073,19788.5,25892,22437,25354.5,16431.5,6458.5,20289,24219.5,18409,20850.5,18128.5,25318.5,16139,2259.5,20386.5,23792,19495.5,20582,18360
Male,29.66807441,BNT162b2,463,105.65,153.875235,132.41,101.49,1.21922,0.50874,1.093075,0.85637,32.15,7.955,58.2,2613,941,122.85,2003,1844.5,1197.5,1331.5,1063,49.8,25.4,25.4,49.8,147,49.8,599,62,855,270,123,538,1319,392,416,294,196,74.2,49.8,123,392,245,1087.5,306,233,123,74.2,196,379.5,208.5,465,330.5,17689,10108.5,745.5,13807,14503,12537.5,21033.5,14051.5,17176,4505.5,74.2,11609.5,12757,8289.5,21863.5,11780.5,16163,9425,1026,13062,12916,10890,18189,12306,16101.5,7191,135,11451,12867,10352.5,13502,9083
Female,23.63098946,BNT162b2,466.5,109.49,169.973615,131.34,88,1.72241,1.29,1.68664,1.48021,29.85,6.2,47.35,2467,965,86.45,1905.5,2247,1185,1319.5,965,49.8,25.4,25.4,49.8,526,49.8,452.5,86.45,1246.5,355,74.2,794.5,2576.5,599,648,367,367,123,49.8,196,941,367,1234,538.5,282,172,110.85,184,464.5,270,562.5,343,14331.5,7826,318.5,11085,13550.5,9583.5,16932,11146,13343,3821.5,49.8,9083,13343,6422,17640,11121.5,15235,9913,416,12098,14649,11023.5,16663.5,11890.5,14405,6104.5,86.45,10780,13563,8887.5,12952.5,9217.5
Female,31.94589896,BNT162b2,442,121.727825,178.73206,158.01765,124.212195,1.442795,0.78884,1.1475225,1.04566,26.4,5.84,45.95,2796,953,74.2,2161.5,2296,1160.5,1490,1063,49.8,25.4,37.6,49.8,318,86.45,440,49.8,1319.5,392,147,867.5,3236,623.5,782,477,245,74.2,49.8,147,721,233,684.5,184,733.5,184,86.45,282,2979.5,404,843.5,648,21754,12513,770,17469,18177,15431,22705.5,16260.5,18263,5872.5,74.2,14271,14930,9998.5,21204.5,13953.5,18092,11805,721.5,15174.5,15516,12916,19227,13367.5,18494.5,9095,98.7,14722.5,15406,12305.5,16199.5,11133.5
Female,23.81431515,BNT162b2,282.5,127.77,159.225035,130.25,105.3,1.22554,0.3473,1.39187,2.31387,17.25,2.765,40.35,977.5,367,49.8,782,648,550,782,501.5,74.2,25.4,25.4,49.8,270,49.8,635.5,135.35,1893,501.5,196,1331.5,1954,770,941,599,221,74.2,49.8,123,501.5,196,1600,562.5,257.5,123,74.2,98.7,990,221,685,416,13697.5,5018,343,9546.5,10865,8192,20057,9974,10145,794.5,74.2,4993.5,7435,2405.5,19019.5,6251,13062,6300,196,9864,10475,8424,16236,8473,12659.5,2491,98.7,7935.5,9547,5372,12489,4151.5
Female,33.90350247,BNT162b2,376,127.29,172.15303,144.01,119.12,2.913805,1.48511,3.3402775,2.429695,31.6,6.19,51.25,7154,1734,196.5,3663,9082.5,2625.5,3174.5,2039.5,49.8,25.4,25.4,49.8,86.45,74.2,611,123,1343.5,1185,245,1624.5,672.5,2161.5,1893,1441.5,172,123,49.8,135,221,318,1124,452.5,342.5,294,196,404,342.5,685,757.5,501.5,25281.5,12867.5,1697.5,17017.5,27124.5,16297.5,22193.5,17493.5,25196,7325,86.45,14515,28736,13794.5,23279.5,17176,23059.5,13148,2052,15967.5,24756.5,15858,20569.5,15589,24268,12147,343,16553.5,25953,16419.5,19996,15259.5
Female,34.56619004,BNT162b2,278,131.68,140.79495,121.68,110.3,1.83421,0.86655,1.91079,1.293375,19.315,3.32,40.95,452.5,123,49.8,342.5,440.5,172,464.5,233,282,49.8,37.6,147,672.5,159.5,819,330.5,1612,379.5,147,953.5,3541,514,782,367,282,74.2,49.8,98.7,1148.5,123,1270.5,416,123,98.7,74.2,98.7,343,172,538,318,10719,3016.5,257.5,8009,9888.5,3577.5,18348,8485,6934.5,220.5,74.2,3077.5,6300,343,18836,5933.5,11243.5,3834,110.85,8497,9828,4529.5,14722.5,6995.5,10633.5,904.5,86.45,6531.5,9119.5,1417,11390,3443.5
Female,42.04056209,BNT162b2,351,116.62,154.084055,120.99,101.52,2.08253,0.84788,1.705615,1.25584,23.9,4.56,46.8,25.4,25.4,25.4,49.8,37.6,49.8,233,123,294,110.85,25.4,196.5,294,343,1343.5,1112,2015,892,86.45,1588,1161,696.5,709,452.5,221,74.2,49.8,123,758,123,611,147,74.2,196,123,147,294,159.5,391.5,245,12439.5,7130,233,10377,6995.5,9009.5,17249,12000.5,9607.5,3077.5,49.8,7728,2576.5,5457.5,17396,12964.5,12269,8362.5,147,10706.5,7801.5,9022,15638,10584.5,11402.5,4810.5,74.2,9437,5323.5,7484,11500,8875
Female,32.74810571,BNT162b2,425.5,129.7,140.71456,132.72,113.18,1.385675,0.59857,1.2356575,0.97271,21.85,4.605,42.35,1356,477,74.2,1051,904,672.5,880,574.5,184,37.6,37.6,98.7,575,110.85,636,159.5,1222,270,98.7,587,2662,392,660,343,709,147,49.8,221,1490,770,1478,648,221,74.2,74.2,98.7,587,367,685,416,15272,7483.5,269.5,11158.5,12464,10071.5,21119,12610.5,8985.5,1856.5,49.8,6275.5,8143,4908,19056,9791,13367.5,7630.5,123,10438,10938.5,9290.5,16224,9864,13660.5,4517.5,74.2,9388.5,10828.5,7984,13294.5,7532.5
Female,37.46563356,BNT162b2,331.5,98.250255,100.7186,105.07239,86.73975,2.147875,1.54801,2.3609375,2.219605,35.65,9.57,54.55,2125,318.5,49.8,1514.5,2784,611.5,1197,526,172,25.4,25.4,110.85,464.5,74.2,514,110.85,1502.5,440.5,123,855.5,3871,745.5,818.5,526,147,49.8,49.8,98.7,489.5,98.7,953,245.5,1502.5,270,110.85,660.5,3663,306,709,416,15137.5,4237,342.5,11732,17176,7239.5,18714,10340.5,15040,733.5,74.2,10352.5,20704,3297,20020,7594,13978,5396.5,355,11146,16419.5,7813.5,16932,8716.5,15516,2454.5,98.6,9913,17322.5,5543,13636,5054.5
Female,65.01160188,mRNA-1273,251,74.18341,104.73111,96.74106,75.82564,1.396375,0.77064,1.3455375,1.04964,19,2.57,45.4,550.5,159.5,37.6,367.5,770,208.5,489.5,233,147,25.4,25.4,49.8,904.5,49.8,843.5,208.5,1051,282,74.2,709,1319.5,404,514,257.5,110.85,25.4,49.8,49.8,257.5,74.2,1221.5,330.5,587,135.35,123,367,1246,208.5,1050.5,428,8643,1002,233,4371,11268,2259,15845.5,4615,4285.5,62,49.8,453,10279,135,16041,2283.5,9766.5,2125,86.45,6483,10364.5,4285.5,13782.5,4041.5,7569,233,74.2,2296,9888.5,831,8314,868
Female,58.78012553,BNT162b2,605.5,98.67,136.904755,122.4,107.66,1.8826,1.45702,1.97867,1.670495,23.86,4.42,41.4,2845,1100,123,2528,1685.5,1685.5,1197.5,709,172,25.4,25.4,98.7,745.5,86.45,599.5,135,1710,343,123,1014,3541,599,831,355,477,123,62,233,1869,306,1527,635.5,941,294,74.2,660,904.5,550.5,648,404,16809.5,9486,526,14722.5,12293.5,12867,20996.5,11268,13892.5,3138,74.2,12330,9547,8606.5,18738.5,7264,14759,9559,367,13269.5,11256,11646,16565.5,8814.5,15784.5,5982,98.7,12916,11011.5,10755,12427.5,4395.5
Female,32.17325932,mRNA-1273,62.3,115.65,125.92401,104.54,100.45,3.13201,1.79248,3.644545,3.03348,24.85,5.485,54.15,25.4,25.4,25.4,49.8,49.8,49.8,257.5,110.85,147,25.4,49.8,98.7,404,172,709,159.5,3126,355,123,1050.5,5555.5,733.5,1124,611.5,367,110.85,49.8,171.5,794.5,306.5,1746.5,574.5,74.2,49.8,49.8,49.8,270,74.2,416,208.5,10596.5,3919.5,294,7386,9986.5,6580.5,14735,7825.5,9962,611.5,74.2,3944,10315.5,3333.5,18946,6422,13135.5,6263,221,9705.5,12867,9339,15003,8558.5,10694,2088.5,74.2,6177.5,10023,5030,8997.5,3174.5
Female,57.21963262,mRNA-1273,426,106.77,159.51603,139.2,124,1.53709,0.7684,1.166085,1.15919,25.55,5.465,47.6,2442,867.5,98.7,1820,2454.5,1087.5,1429,990,306,74.2,25.4,147,709,245.5,660.5,147.5,514,196,74.2,367,782,270,367.5,208.5,391.5,172,49.8,245,501.5,257.5,1282.5,477,208.5,123,74.2,159.5,575,172,452.5,318.5,15980,8216,403.5,12354.5,13807,10828.5,21204.5,13611.5,8729,1392.5,49.8,6665.5,8924,3223.5,16212,8228.5,13050.5,7423,184,10487,11610,9156,15662.5,10010.5,12867,4591,86.45,9473.5,11585,6947,12427.5,6910
Female,42.60194711,mRNA-1273,399,132.006865,171.235925,147.46848,134.24164,2.706165,1.86354,2.7381225,2.329595,25.1,4.79,45.15,25.4,25.4,25.4,49.8,49.8,49.8,318.5,110.85,208.5,37.6,25.4,98.7,379.5,123,709,184,1026,270,123,611,2003,465,562.5,294,1063,257.5,86.45,355,2552.5,746,1575.5,818.5,294,196,123,233,428,196,550.5,330.5,12903.5,5018,306.5,9363.5,11585.5,8631,16822.5,8729,9705.5,904,49.8,4981.5,8509.5,3272.5,17017.5,5372,13624,6776,233,10608.5,12623,9901,16053.5,8411.5,12855,2918.5,86.45,8423.5,10938.5,6690.5,11475.5,4554.5
Female,26.79042006,BNT162b2,176.5,144.96245,162.35994,149.47002,133.61877,1.872425,0.527778,1.5122125,2.903229,16.95,3.885,41,904.5,208.5,49.8,526,1148,367,697,379.5,74.2,25.4,25.4,49.8,172,49.8,623.5,98.7,1954,318,49.8,941,5238,514,892,416,172,49.8,25.4,74.2,477,98.7,794.5,245,684.5,98.7,74.2,98.7,2955,184,684.5,355,10657.5,2869.5,269.5,7557,11292,4701,18995,8851,9327,306,49.8,3199.5,11597.5,757.5,19398,5286.5,11475.5,4236.5,147,8009,11512,5945.5,14747,5957.5,10950.5,1173,74.2,5689.5,11402,2674.5,11036,2223
Female,30.18280092,BNT162b2,461.5,116.829355,143.581725,130.132815,127.237995,1.776135,0.8352,1.3541075,1.07325,27.2,5.03,49.5,1856.5,697,74.2,1441,1063,867.5,855.5,526,49.8,25.4,25.4,49.8,245,49.8,526,62,2589,721.5,233,1490,4310,1014,1063,611.5,428,135,49.8,196,1124,379.5,1453.5,538,1124,306,98.7,416,1038.5,1759,2820.5,2857.5,14808,8363,489,11890.5,12208,9547,17151.5,9437,13929,3700,74.2,10352.5,10193.5,5726,17017.5,8362.5,14710,9937.5,709,12232,11695.5,10206,16468,9950,15882.5,7301,135,12281,12281,9974,13465.5,8106.5
Female,31.06703081,BNT162b2,363.5,134.30999,176.034,155.14471,132.43531,4.1589,3.46856,6.85655,5.77026,25.9,5.83,46.95,1368.5,477,49.8,1160.5,1539,709,1026,733.5,49.8,25.4,25.4,49.8,123,49.8,2699,440.35,2137.5,672.5,49.8,1734.5,3663,1124,1295,831,404,49.8,74.2,221,367,221,1234,318.5,355,245,98.7,270,1771,306,526,392,13148,7105.5,184,11475.5,14674,9351.5,18909.5,14576,14576,2625.5,49.8,10523.5,19080.5,7056.5,20557.5,12684,12610.5,8350.5,49.8,10926,14087.5,9644,15870,11280,11939,5079,49.8,9107.5,13623.5,6776,11317,8216
Female,48.66093531,BNT162b2,26.4,116.10091,143.53414,116.57394,101.47735,3.2617,0.51106,2.22485,0.87428,29.25,6.195,54.75,550.5,184,49.8,416,379.5,282,563,306,74.2,25.4,25.4,74.2,257.5,74.2,818.5,281.5,648,233,74.2,489.5,1099.5,294,477,282,623.5,208.5,49.8,355,1209.5,318.5,1881,965.5,98.7,74.2,49.8,98.7,208.5,208.5,599,330.5,10877.5,3553,221,8277,6092,5128,18702,7874.5,4883.5,379.5,49.8,3040.5,1746.5,477,18006.5,4151.5,10780,4688.5,49.8,8790,6727,5933.5,14771,6361,10316,1478,74.2,6763.5,5018.5,2515.5,11597.5,2393.5
Female,35.89669877,BNT162b2,360,111.971365,145.39239,135.120885,116.87258,1.34524,0.55632,1.15732,0.87894,18.4,3.61,43.6,2552,697,135,1722,2015,904.5,1258.5,818.5,74.2,25.4,25.4,49.8,294,49.8,660,135.35,819,294,98.7,514,1478,465,452.5,245,282,49.8,49.8,98.7,819,184,1405,343,282,147,86.45,208.5,831,416,636,440,14124.5,6141.5,672.5,11365.5,12293.5,8533.5,18787.5,10999.5,14649,1600.5,86.45,8314,12598.5,3821.5,21289.5,8607,14173.5,7068.5,672.5,11060.5,12317.5,8802,16846.5,9669,13331,3407,135.35,8582.5,10987.5,5213.5,10950.5,4786
Female,23.6474169,BNT162b2,234.5,104.69308,138.54162,123.5968,104.19276,1.77804,0.61696,1.36247,1.01332,31.4,8.56,54.6,1246,464.5,62,1026,721.5,648,892,623.5,98.7,25.4,25.4,49.8,477,98.7,550,135.35,953.5,330.5,74.2,550.5,2088.5,464.5,611,367,257.5,74.2,49.8,123,843.5,257.5,1124,282,147,98.7,74.2,110.85,514,184,355,196.5,18055,10975,587,14417.5,13160,13136,19886.5,13965.5,11707.5,4078,74.2,8973,8021,5714,15260,8423.5,15601.5,10425.5,538.5,13148,12268.5,11500,16297,11329,18543,10218,110.6,14771.5,13074.5,13343.5,15467,10938
Female,45.70673365,mRNA-1273,289,81.34055,101.70389,99.72337,71.13807,2.05016,0.7812,1.61944,1.44801,41.6,10.13,61.45,4578.5,1417,257.5,3089,4285.5,1917.5,2161.5,1991,208.5,49.8,25.4,110.85,806.5,135,538,159.5,1844.5,697,221,1551,3382,843,977.5,684.5,208.5,74.2,49.8,110.85,428,172,855.5,221,147,98.7,74.2,147,221,172,392,147,19983.5,10181.5,1746.5,15101,19214.5,13538.5,21522,17152,22547.5,5958,135,14954.5,22034.5,11414.5,23463,18555.5,18470,11084.5,2662,14356.5,16956,12757.5,18739,14612.5,19703,8631,367.5,14088,17603.5,12025,17005,14857
Female,45.99957562,BNT162b2,475.5,102.58,151.09458,135.43,125.46,1.66652,0.85329,1.42942,1.217045,27.9,6.22,46.8,3516.5,953,159.5,2430.5,4017,1002,1563.5,1050.5,294,25.4,49.8,74.2,978,74.2,648,159.5,1832,843,147,1539,2040,684.5,721.5,428,221,74.2,49.8,98.7,611,147,1368.5,318,221,147,98.7,196,343,221,587,355,18177,8204,806.5,13746,18506.5,8558,20008.5,12769.5,19166,3321,74.2,12745,21033.5,4163.5,21204,11659,16871,9510.5,1038.5,13221,16041,9193,17835.5,10951,18091.5,6543.5,159.5,13075,17616,6861,15430.5,9119.5
Male,32.7836985,BNT162b2,395,109.27,174.68646,145.01,121.16,1.787845,0.97125,1.5692825,1.196565,24.4,5.795,49.7,98.6,25.4,25.4,49.8,428.5,49.8,318.5,147,428,25.4,49.8,123,867.5,147,940.5,233,1832,343,74.2,978,3932,587,1051,587,220.5,49.8,49.8,86.45,770,110.85,1502.5,428,282,233,123,221,709,196,733,587,17969.5,3516.5,269.5,8533.5,24439.5,8045.5,20594,11353.5,20081,453,74.2,3992.5,30115.5,3040.5,23060,9498,18336,5128,98.7,9107,19727,9742,18018,10938,NA,NA,NA,NA,NA,NA,NA,NA
Female,24.73698981,BNT162b2,438,124.25598,162.061665,140.05557,123.043095,1.81937,1.115,1.713325,1.795165,37.65,8.32,57.5,86.4,25.4,25.4,62,184,98.6,330.5,208.5,49.8,25.4,25.4,49.8,74.2,49.8,379.5,74.2,1539,294,172,733,3297,636,1002,489,355,147,49.8,208.5,318,452.5,1002,391.5,538.5,270,98.7,306,1465.5,660,526,404,15394,6947,245,11622,15858,11964,16834,15626,11915,2003,49.8,6947,13343,6348.5,17017.5,14246.5,17200.5,9669,880,13245.5,16663.5,13514,17835.5,15870,16419,6092.5,74.25,11146,15846,11365.5,15577,14735
Female,30.03483987,mRNA-1273,354,116.93,161.08422,143.81,113.95,1.5043,0.6231,1.288525,0.94595,29.95,6.885,49.2,221,49.8,25.4,98.7,416,123,416,221,74.2,49.8,25.4,98.7,62,159.5,574.5,123,2247,1038.5,208.5,1844,3138,1405,1466,1038.5,282,147,49.8,221,330.5,465,965,477,74.2,98.7,74.2,98.7,184,159.5,257.5,123,25648,13074.5,1380,17652.5,23817,16627,23560.5,19166,28040.5,8899.5,98.7,18092,27845,16468,27674,21436,20264,11817,1759,14356,19898,13697,18726,15601,25000.5,11719.5,233,17042,23707,15687,19886,16297
Female,48.8031924,BNT162b2,365,105.92825,174.13194,145.69917,107.12678,2.6105,1.56849,3.48036,2.52072,31.85,8.015,51.5,1136.5,440,49.8,965.5,391.5,623.5,733.5,611.5,86.45,25.4,25.4,49.8,428,74.2,489,86.45,3236,1160.5,147,2271.5,3309,1685.5,1624.5,1600,147,74.2,49.8,98.7,318,196,757.5,245,587,416,123,489,416,807,660,392,16273,10291.5,306.5,13123.5,8619,9962,17188,11402,14246.5,5555,62,11585.5,4432,6299.5,17603.5,11048.5,16626.5,12061,282,14258.5,10340.5,10633,17200.5,10853,16627,9315,86.45,13123.5,8533.5,9485.5,13990.5,9376
Female,26.65363879,mRNA-1273,501,116.941005,160.14937,150.84432,124.431925,1.40415,0.5665,1.04822,0.93233,34.3,7.235,51.75,147,62,25.4,110.85,147,123,294,184,37.6,25.4,25.4,49.8,74.2,49.8,171.5,49.8,4041.5,1270.5,367,2784.5,8008.5,2381.5,2357,2088.5,672.5,147,49.8,196,1075,501.5,794.5,672.5,123,159.5,110.85,147,245,282,245,208.5,21570.5,14759.5,4554,18507,16749,16932,21644,18873,21082,11500,696.5,18384.5,16565.5,16663.5,18787.5,18006,20997,14979,6226.5,17249.5,17017.5,15784.5,18690,15906.5,23523.5,14600.5,2113,17518,18470,17298.5,17933,16565.5
Female,31.75424547,mRNA-1273,409.5,129.54,164.71305,155.56,129.54,1.93873,1.2306,1.766665,1.3701,28.05,6.28,48.4,37.6,25.4,25.4,49.8,62,49.8,269.5,123,392,74.2,25.4,440,611,233,1002,221,2332.5,684.5,306,1648.5,4456.5,929,1283,831,660,220.5,74.2,343,1331.5,501.5,1453.5,648,404,135,98.7,98.7,2393.5,196,428,245,14039,6690.5,465,11219,10645.5,8582,17493.5,12452,12745,2418,62,8497,9974,4725,18519,9962,13758,8814.5,684.5,11353.5,12147,9620,15699,11097,16322,5005.5,135,11683,12427.5,8741,14905.5,9315
Female,23.14352793,mRNA-1273,332,132.5,174.14199,122.07,113.51,1.63614,0.66598,1.68608,1.923,34.3,7.355,50.45,2247,513.5,147.5,1331.5,3296.5,941,1319.5,929,257.5,49.8,37.6,98.7,550.5,123,648,208.5,4749.5,1026.5,245,2174,8692.5,2381.5,2699,2027.5,343,98.7,62,159.5,648,270,1038.5,452.5,818.5,355,135,538.5,1832.5,623.5,880,623.5,19629.5,8375,1478,13477.5,23462.5,12061.5,21131,15589,17786.5,2759.5,86.45,10072,23816.5,8008.5,19349,14332,15931,8570,1710,12183.5,19373.5,10547.5,17921,12830.5,18287,5665,318.5,12086,21717,10279.5,16749,11854
Female,47.21805832,mRNA-1273,377.5,82.49,110.8495,91.29,88.14,1.91302,0.99102,1.61301,1.18223,18.48,3.885,42.45,37.6,25.4,25.4,49.8,74.25,49.8,343,122.85,269.5,74.2,25.4,159.5,379.5,294,770,318.5,1197,306,110.85,623.5,2137.5,440,806.5,416,464.5,123,49.8,196,1087.5,306,1588,562.5,221,74.2,49.8,123,428,318,562.5,282,11854,3980.5,294,8180,13135.5,6300,17359.5,8424,11329,697,74.2,4468.5,12964.5,1453.5,23377,8130.5,13148,4798.5,74.2,9437,12501,6678.5,14148.5,7874.5,10987.5,1698,74.2,5616,11817.5,2662,10670,4346.5
Female,40.84409673,mRNA-1273,239,108.36,154.69831,125.02,112.56,1.3663,0.62658,1.16792,0.94769,34.1,8.005,50.6,49.8,25.4,25.4,49.8,49.8,49.8,306,123,74.2,25.4,25.4,49.8,367,74.2,550.5,98.7,3004,1100,172,2735,2223,1344,1319,1051,342.5,62,49.8,110.85,831,196,1233.5,294,440,270,196,440,745.5,477,806.5,819,15894,8253,416,13038,10316,9193,21131,12268.5,12757.5,2637.5,74.2,10584.5,8131,3870.5,19813,8802.5,13855.5,8301.5,282,11756,10230,9022,16687.5,8936.5,14112,5177,98.7,11402,9474,6934.5,13367.5,6470.5
Female,24.83281655,BNT162b2,472.5,106.79,132.87537,108.26,108.93,3.61592,2.28038,5.104825,3.2889,38.9,7.925,54.05,208.5,74.2,37.6,159.5,330.5,122.85,416,281.5,147,25.4,25.4,184,110.85,98.7,538.5,74.2,3748.5,1551,514,2772,6141,2442.5,2418,1771,172,74.2,74.2,123,428,172,855.5,196,1331.5,404,123,721,2869.5,648,599,440,25098,15199,4469,19947,24085.5,18201.5,23963.5,18970.5,27173.5,12415.5,294,19361,27600.5,17212.5,23560,18800,22523,15357.5,5079,17652,22425,16199.5,20631,16065.5,20740.5,13807,1002,16907.5,21717,15516,18226,15650.5
Female,30.30874465,BNT162b2,375,108.91856,152.89442,123.70958,109.43123,1.740085,0.547724,1.2706525,1.472837,25.25,5,45.15,86.45,25.4,25.4,74.2,86.45,62,318,147,37.6,25.4,25.4,49.8,49.8,49.8,563,135,1637,440,123,1197,2760,709,929,563,147,49.8,49.8,98.7,416,147,1172.5,367,343,294,74.2,367,392,379.5,684.5,562.5,18787.5,9962,721,15406,14942.5,11377.5,20227.5,14051.5,16639,5067,62,12561.5,12403,7081,20203.5,11549,18128.5,11085,1234,14869,14832.5,12391,19861.5,13587,15308,7301,123,12623,12525,8985,15040,10841
Female,28.296383,BNT162b2,444,121.71,157.420655,141.07,130.93,2.50107,0.67905,2.16534,1.199475,20.5,3.935,42.95,1673.5,538,62,1173,1808,696.5,965.5,660,49.8,25.4,25.4,49.8,98.7,74.2,404,74.2,1991,562.5,147,1209.5,3895,855.5,1026.5,575,123,49.8,49.8,74.2,306,98.7,745.5,123,294,147,74.2,172,599,392,452.5,343,14368.5,8814.5,391.5,12232.5,13392,10145,19898.5,14295,13941.5,3480,62,9986,14637,6690.5,20020.5,12757,13929,9168.5,294,11488,13282,9522,16590.5,11146,14759.5,5482,74.2,10450,13746,7764.5,13904.5,9303
Female,35.02056853,BNT162b2,53.25,108.87,134.52275,116.28,100.26,2.122015,0.67374,1.6740575,1.464135,23.11,5.255,46.85,794.5,147,49.8,464.5,1039,282,574.5,257.5,220.5,25.4,37.6,86.45,599.5,86.45,965.5,233,196,49.8,49.8,123,367,74.2,270,74.2,342.5,62,49.8,98.7,1111.5,159.5,1490.5,416,501.5,245,123,270,1173,318,1026.5,819,8509,977.5,233,4237,8839,2406,18006,4847,2210.5,49.8,49.8,269.5,5286.5,86.45,14454,1527,7105.5,1124,62,4383.5,7447,2808.5,11659,2979.5,8240.5,221,86.45,2418,7984.5,855.5,10975,867.5
Female,23.32708178,BNT162b2,447,115.28,181.096235,156.21,132.17,1.979585,0.98235,1.6571125,1.412105,24.45,5.455,44.4,98.6,49.8,25.4,74.2,110.85,74.2,343,184,123,25.4,25.4,74.2,599,98.7,489.5,86.45,2064,770,196,1612.5,1453.5,1038.5,1014.5,733,452.5,184,49.8,294,599,330.5,892,379.5,379.5,172,74.2,245,416,416,477,416,18031,11524.5,1307,15223,11695.5,12146.5,21155.5,15687,20179.5,7386,110.85,16016.5,13660.5,10755,21888,15052,17078.5,11317,2015,14112,12000.5,11597.5,17273.5,12086,16724.5,8814.5,245.5,13648.5,11353.5,10047.5,14918,10047.5
Female,37.21374612,BNT162b2,214.5,119.74,158.15961,130.86,120.68,1.83063,0.41819,1.581475,0.92251,19.08,4.07,44.25,550.5,159.5,49.8,367.5,636,257.5,526,281.5,159.5,49.8,37.6,123,245,196,1014,513.5,428,159.5,49.8,306,782,208.5,330.5,135,221,98.7,49.8,159.5,428,172,1258,452.5,110.85,233,123,147,367,221,562.5,428.5,8741.5,2039.5,196,5262,8326.5,4359,17298.5,6385.5,3895,147.5,49.8,965.5,5067,477,18201.5,3541,9290.5,2955.5,49.8,6202,8838.5,5311,13026,4554.5,8008.5,685,74.2,3284.5,7569,2112.5,9498,1246
Female,26.09772959,BNT162b2,448,120.4,164.653955,136.42,116.5,4.07804,3.31296,6.06682,4.358405,23.35,4.56,47.2,37.6,25.4,25.4,49.8,62,49.8,257.5,110.85,74.2,25.4,25.4,49.8,159.5,86.45,636,135,2003,379.5,147,1087.5,5750.5,575,892,452.5,221,86.45,49.8,123,465,208.5,1649,379.5,172,98.7,74.2,123,1002,294,611,404,13855.5,4261,306.5,10426,14490.5,6397.5,19691,9217,8656,452.5,49.8,5713.5,12037,1075,18763,5518.5,13306.5,5445,172,10316,13733.5,6934.5,16248.5,7386,13916.5,1942,86.45,9180.5,14722.5,4127,12354.5,3187
Female,27.30526066,BNT162b2,512,112.620315,160.31932,129.28836,115.500875,3.077865,0.87296,2.1892875,1.13869,21.4,4.07,42.05,3174.5,977.5,135,2430,2540.5,965.5,1514.5,904.5,172,49.8,25.4,123,416,123,819,147,2149.5,794.5,196,1759,1979,916.5,770,623.5,245,49.8,49.8,123,855.5,123,1136.5,269.5,2711,1148,98.7,2003,2930.5,1209.5,1368,1099.5,17310.5,8729,623.5,13831.5,13758,9059,21485,12293.5,12501,2552.5,74.2,10254.5,11072.5,2979.5,19593.5,8949,15040,8643.5,599,12501,11976,8387.5,17188.5,9620,16285,5616.5,110.85,12440,12513,6116.5,14429.5,6971
Female,34.92200387,mRNA-1273,283.5,119.95,142.562295,123.52,114.47,1.91571,0.61226,1.544975,0.941805,21.2,4.375,42.5,98.7,25.4,25.4,74.2,74.2,74.2,343,159.5,74.2,25.4,25.4,49.8,257.5,74.2,367.5,86.45,2040,721,257.5,1392.5,2735.5,1087.5,1136,867.5,1710,550.5,74.2,806.5,3003.5,2198.5,1490.5,1490.5,123,257.5,159.5,221,501.5,172,245,221,18250.5,10975,1759,14942,12952.5,13538.5,20289,17347,20338,6898,98.6,13587,13086.5,11854,20533,16383,16419.5,11341,2467,13941.5,12806,12940,16932,13380,17188.5,8973,379,13660.5,11976,12550,14649.5,11341
Female,29.51748952,BNT162b2,479.5,105.44948,125.412505,119.18847,101.38286,2.47216,1.1151,2.19728,1.49047,20.735,4.385,41.55,2857.5,684.5,86.45,1783,4078,953,1466,916.5,49.8,25.4,25.4,49.8,184,49.8,501.5,86.45,1173,367,74.2,758,2418,514,709,367,123,49.8,37.6,86.45,172,159.5,1185,270,697,416,74.2,550.5,953,648,989.5,721,17151.5,6397.5,306,11732,19263.5,8948.5,21229,12415.5,14368.5,1124,74.2,7398.5,18555.5,2699,19227,8436,14869,6812.5,147,10621,16077.5,8387,17286,9864.5,15064,2796.5,74.2,9193,16614.5,5457.5,13075,6312
Female,67.19371377,BNT162b2,218,82.9491,123.440955,100.50793,99.64472,1.54628,0.6994,1.60614,1.07294,17.6,3.415,37.85,1234,355,74.2,892.5,1685.5,550.5,892,477,25.4,25.4,25.4,49.8,74.2,74.2,501.5,49.8,1612.5,367,98.7,807,3700,611,770,416,282,25.4,49.8,74.2,770,123,1258,257.5,477,135,49.8,196.5,1087.5,294,587,465,11219,4871.5,245.5,8924.5,11829.5,7325.5,17554.5,11048.5,9144,904.5,62,4603,13013.5,2784.5,18873,7813.5,10682,5836,98.7,8851,10914,7838,14954.5,8350.5,10938,2467,74.2,6654,11975.5,5262,12037,4627.5
Female,22.94366072,mRNA-1273,420,92.95,157.73628,140.22,118.06,1.357262,0.8816,1.343211,1.11355,29.15,7.21,50.9,4017,2210.5,208.5,3419,2064,2527.5,1734,1319.5,49.8,25.4,25.4,49.8,147,74.2,392,74.2,1795,746,159.5,1087,4322.5,965.5,1124,843.5,1698,550.5,147,794.5,3382.5,1502.5,2113,2003,270,282,123,245,989.5,392,367.5,355,22413,14722.5,2149,19324.5,18445.5,17652.5,20362,16334,20838,13440.5,147.5,18848.5,17176,16614.5,20630.5,17188.5,20655,15894,3419,17530,18067,15992,19703,14454,17359,16724,514,13624,12232,7984,12086,13087
Female,61.12377393,mRNA-1273,106.5,109.82,142.97326,131.32,113.17,2.43962,1.13724,2.08273,1.498935,28.8,7.08,53.7,1490.5,575,74.2,1173,965.5,758,941,648,623.5,159.5,25.4,330.5,953.5,501.5,880,330.5,831,208.5,74.2,440,2247,367,587,318,599,196,49.8,282,1356,440.5,1600,623.5,282,74.2,49.8,184,428,123,513.5,257.5,16297,9168,550,13160,12855,11512,19190,12598.5,14405,2564.5,74.2,8851,10547.5,5481.5,19129,8887.5,15430.5,10071.5,770,12818.5,12293.5,11573.5,17530,11133.5,16932,6727,123,12647,12305.5,9852,13843.5,9192.5
Female,67.0896733,mRNA-1273,351.5,105.508805,148.96577,137.580025,126.892215,7.230815,5.643,11.8840675,10.59172,26.9,6.31,50.9,25.4,25.4,25.4,49.8,25.4,49.8,294,135,110.85,25.4,25.4,74.2,233,123,672.5,184,1063,343,123,697,1465.5,440,599,391.5,635.5,184,62,294,3236,440.5,1832,916.5,379.5,123,49.8,196,696.5,172,636,623.5,11512,4871.5,379.5,8802,6556.5,6178,16224,8472.5,8826.5,1172.5,62,4566.5,2161.5,1893,16248.5,6043.5,14161,8131,880,10841,9327,9010,15650,9059,11231,2394,98.7,7862,5494,4444,11085,4566
Female,24.16202934,BNT162b2,230.5,110.01241,141.56307,126.65461,117.90662,2.08538,1.02816,1.74361,1.24032,31.95,7.85,52.55,892,257.5,74.2,757.5,684.5,330.5,636,367,172,25.4,49.8,98.7,575,74.2,611.5,147,1368,367,147,831,3175,367,660,318,379.5,98.7,74.2,196,855.5,233,1234,416,733.5,501.5,196,587,2100.5,660.5,855.5,648,11499.5,3883,404,9119.5,9986.5,5189,17420,8460,5616.5,465,49.8,4664,5848,685,17273.5,5579.5,12305.5,5445.5,575,10023,9839.5,6483,15333,7874.5,12061.5,2076,135,9046.5,9290.5,3394.5,12037,4578.5
Female,68.0671061,BNT162b2,421.5,106.243345,164.82704,141.722325,109.79036,2.42766,1.74845,2.82978,2.130865,27.2,5.915,55,978,245,49.8,636,1246,392,733,440,49.8,25.4,25.4,49.8,172,49.8,623.5,135,1258.5,306,74.2,806.5,3443.5,379.5,672.5,306,135,49.8,49.8,49.8,1124,86.45,1124,282,611,221,123,294,1905,270,758,587,13233.5,4322,269.5,8936.5,13758,6410,17884.5,8131,7325.5,282,62,2442.5,10938.5,794.5,14686,3956,12122.5,5359.5,110.85,9339.5,13196.5,7191,15479.5,7447.5,11817.5,1954.5,74.2,7288.5,13575,4053.5,11207,4188
Female,26.87803309,BNT162b2,340,103.93,122.777795,119.96,100.87,2.926495,1.97728,3.4576025,2.27623,22.07,5.53,47.15,37.6,25.4,25.4,49.8,86.45,49.8,270,123,550.5,74.2,49.8,294,1148,257.5,1014.5,294,1356,330.5,98.7,794.5,3150,477,758,379.5,733.5,208.5,74.2,342.5,1173,513.5,1868.5,1002,159.5,379.5,208.5,330.5,562.5,306,526,477,13636,2405.5,74.2,7472,13636,6397.5,16529,8655.5,12122,306,37.6,3650.5,13758.5,1954.5,17542.5,6458.5,13416.5,4078,135,8314,13624,7447,15284,8057.5,13086.5,880,49.8,6092,13062.5,4713,11207,4456.5
Female,37.38623426,BNT162b2,432,114.98,136.90696,131.57,112.41,1.945375,0.320914,1.4354875,0.867527,27.95,6.045,44.35,98.6,25.4,25.4,98.6,122.85,98.6,318.5,184,49.8,25.4,25.4,49.8,245,74.2,428.5,98.7,1429,623.5,221,1234,1991,782,990,819,379.5,147,74.2,233,587,367.5,770,403.5,233,172,98.7,221,208.5,318,428,355,20862.5,12782,977.5,16871,15284,15028,21888,17103,21741.5,8301.5,74.25,16321.5,15418,13428.5,22913,17347,17798.5,12611,1319.5,15027.5,13050.5,13221,18580,14661.5,20985,11854,184,16565.5,14856.5,14808,18299,14784
Female,27.25860216,mRNA-1273,396.5,118.07,129.76114,109.92,101.9,9.93315,4.62215,8.71675,7.533595,21.98,4.68,44.55,1417,343,74.2,782.5,2100.5,599,977.5,636,98.7,25.4,25.4,49.8,147,49.8,477,98.6,2686.5,574.5,147,1222,6275,965.5,1307,757.5,977.5,98.7,74.2,159.5,2613,428,1685.5,635.5,245,86.45,49.8,123,489,257.5,489.5,245,15589,5494,477,9839.5,18678,9791,20533,13648,9705.5,538,74.2,3883,15931,2613,16590,8692.5,13453,6178,294,9412.5,16236,8765.5,17212.5,10304,13294,2455,86.45,7728,16932,6592.5,13977.5,7447
Female,28.75087556,BNT162b2,289,109.35,129.3563,115.14,99.42,1.44921,0.3925,1.334995,0.73963,32.6,7.705,55.7,74.2,25.4,25.4,74.2,86.45,74.2,306,208.5,74.2,25.4,25.4,49.8,270,49.8,733.5,98.7,2882,770,208.5,1954,5689.5,1234,1563.5,1063,452.5,135,62,233,1039,342.5,1649,672.5,221,98.7,98.7,147,489.5,245,538.5,294,17860,10608.5,1136,14234,14026.5,11243.5,18738.5,13733.5,18543.5,5823.5,86.45,13099,13526.5,8546,18946,14258.5,17188.5,11829.5,1832,14258.5,14283,11976,17725.5,13184.5,17945,9913,306.5,14393,14442,11072.5,15089,12318
Female,27.74606369,BNT162b2,174,115.0489,118.83282,108.591415,104.932035,2.33597,0.86756,1.971565,1.446855,13.51,2.14,37.3,294,74.2,49.8,196.5,428,135,440.5,196.5,135,25.4,25.4,74.2,575,62,721.5,159.5,929,208.5,49.8,599,1295,416,562.5,330.5,172,49.8,25.4,74.2,563,98.7,1246,392,196,74.2,74.2,74.2,733.5,233,660.5,391.5,6397.5,1185,184,3846,5457.5,2772,14759,5091,1795.5,110.85,49.8,672.5,1698,623.5,16431.5,3809.5,7959.5,2149.5,49.8,5592,6605,3919.5,12354.5,4639.5,5298.5,367,74.2,2308.5,4151.5,1698,8973,2064
Female,24.07715422,BNT162b2,485,114.51839,122.06769,116.915865,105.110855,1.95777,0.485793,1.591945,1.2611115,26.7,5.415,43.8,74.25,25.4,25.4,62,37.6,86.45,294,135,184,86.45,25.4,123,196,306,514,74.2,1429.5,379.5,123,794.5,3785,526,660.5,428,1612.5,98.7,49.8,196,5396.5,489.5,2015,818.5,147,147,74.2,147,452.5,257.5,501.5,233,17395.5,8741,147.5,13221,9913,12305.5,18665.5,13367.5,14075.5,3224,37.6,9840,4139.5,7728,16150.5,10548,16138.5,9339,403.5,12330,10133,11731.5,16077.5,11512,15662.5,6202.5,49.8,11170.5,7948,10084,12208,9278.5
Male,40.8331451,mRNA-1273,472.5,113.6857,128.254235,114.746775,100.360125,1.67103,0.60165,1.330545,0.941465,33.5,8.485,54.8,49.8,25.4,25.4,49.8,98.6,74.2,330.5,196.5,49.8,25.4,25.4,49.8,184,49.8,379.5,49.8,1112,294,172,819,2772,416,660,392,343,147,49.8,196,318,404,867.5,404,3541,2125,147,2527.5,1234,4505,1185,1343.5,16297.5,7655,831,11902.5,16346,12135,20008,14979,15015.5,3065,86.45,9717.5,17603.5,9754,22742.5,15101,15089,8326,1038.5,11597.5,15455,11402,18628.5,12989,16297,6226.5,159.5,11134,16150.5,11292.5,15528,12354.5